commit_hash,label,proba,pred
000dbe0bec058cbf2ca9e156e4a5584f5158b0f9,1,0.8920679104328155,1.0
00384f565a91c08c4bedae167f749b093d10e3fe,0,0.3859794247150421,0.0
00384f565a91c08c4bedae167f749b093d10e3fe,0,0.3859794247150421,0.0
00384f565a91c08c4bedae167f749b093d10e3fe,0,0.3709794247150421,0.0
00384f565a91c08c4bedae167f749b093d10e3fe,0,0.3709794247150421,0.0
004ccbc0dd49c63576a4c60a663a38dd3cb6bee5,1,0.9450936877727508,1.0
004ccbc0dd49c63576a4c60a663a38dd3cb6bee5,1,0.9450936877727508,1.0
004ccbc0dd49c63576a4c60a663a38dd3cb6bee5,1,0.9100936877727508,1.0
004ccbc0dd49c63576a4c60a663a38dd3cb6bee5,1,0.9100936877727508,1.0
008ab3c53bc4f0b2f20013c8f6c204a3203d0b8b,0,0.07200252678245304,0.0
0090d6e1b210551e63cf43958dc7a1ec942cdde9,0,0.21025259345769878,0.0
0091bfc81741b8d3aeb3b7ab8636f911b2de6e80,1,0.5297723430395126,0.5
009367099eb61a4fc2af44d4eb06b6b4de7de6db,0,0.2920945733785629,0.0
00b5f37189d24ac3ed46cb7f11742094778c46ce,0,0.1679454907774925,0.0
00b85860feb809852af9a88cb4ca8766d7dff6a3,1,0.9852139055728912,1.0
00cbce5cbf88459cd1aa1d60d0f1df15477df127,0,0.81439159989357,1.0
00d3b4f54582d4e4a02cda5886bb336eeab268cc,0,0.8374598670005797,1.0
00dd060ab3cf95ca6ede7853bc14397014971b5e,0,0.0755550056695938,0.0
012ec02ae4410207f796a9b280a60b80b6cc790a,1,0.8650441777706146,1.0
01389b324c97ff8f04e9c33b9ee246084f9f6dd2,1,0.9593836629390716,1.0
01389b324c97ff8f04e9c33b9ee246084f9f6dd2,1,0.9593836629390716,1.0
01389b324c97ff8f04e9c33b9ee246084f9f6dd2,1,0.9893836629390715,1.0
01389b324c97ff8f04e9c33b9ee246084f9f6dd2,1,0.9893836629390715,1.0
013ff63b649475f0ee134e2c8d0c8e65284ede50,1,0.7782962596416474,1.0
013ff63b649475f0ee134e2c8d0c8e65284ede50,1,0.7782962596416474,1.0
013ff63b649475f0ee134e2c8d0c8e65284ede50,1,0.7732962596416474,1.0
013ff63b649475f0ee134e2c8d0c8e65284ede50,1,0.7732962596416474,1.0
015d79c96d62cd8a4a359fcf5be40d58088c936b,0,0.17233186125755312,0.0
017c73a34a661a861712f7cc1393a123e5b2208c,0,0.2267365264892578,0.0
017c73a34a661a861712f7cc1393a123e5b2208c,0,0.2267365264892578,0.0
017c73a34a661a861712f7cc1393a123e5b2208c,0,0.2317365264892578,0.0
017c73a34a661a861712f7cc1393a123e5b2208c,0,0.2317365264892578,0.0
0185846975339a5c348373aa450a977f5242366b,1,0.8929227662086487,1.0
01ba61b55b2041a39c54aefb3153c770dd59a0ef,1,0.6094522762298584,0.5
01bd694ac2f682fb8017e16148b928482bc8fa4b,0,0.14607921212911607,0.0
01bd694ac2f682fb8017e16148b928482bc8fa4b,0,0.14607921212911607,0.0
01bd694ac2f682fb8017e16148b928482bc8fa4b,0,0.17107921212911603,0.0
01bd694ac2f682fb8017e16148b928482bc8fa4b,0,0.17107921212911603,0.0
01e5b728e9e43ae444e0369695a5f72209906464,1,0.9413891851902008,1.0
01f95d42b8f4e88f20d68791b0a85dbb9e3d1ac9,1,0.2142231577634811,0.0
01fc5142ae6b06b61ed51a624f2732d6525d8ea3,0,0.14587822794914246,0.0
021d53a3d87eeb9dbba524ac515651242a2a7e3b,0,0.12862623825669287,0.0
02228f6aa6a64d588bc31e3267d05ff184d772eb,0,0.24897983372211457,0.0
023d22e8bb0cdd6900382ad1ed06df3b6c2ea791,0,0.3101577440649271,0.5
02743c4091ccfb246f5cdbbe3f44b152d5d12933,0,0.065495884232223,0.0
0276f69f13e23b828a149d765d5712e214182ee7,1,0.4954262411594391,0.5
028bac5834495f4f4036bf8b3206fcdafe99a393,1,0.9487481772899629,1.0
028bac5834495f4f4036bf8b3206fcdafe99a393,1,0.9487481772899629,1.0
028bac5834495f4f4036bf8b3206fcdafe99a393,1,0.8887481772899628,1.0
028bac5834495f4f4036bf8b3206fcdafe99a393,1,0.8887481772899628,1.0
02a4d923e4400a36d340ea12d8058f69ebf3a383,0,0.17740110002458095,0.0
02c418774f76a0a36a6195c9dbf8971eb4130a15,0,0.10888469129800796,0.0
02cbfba1add5bd9088c7d14c6b93b77a6ea8f3bb,1,0.943806540966034,1.0
02cbfba1add5bd9088c7d14c6b93b77a6ea8f3bb,1,0.943806540966034,1.0
02cbfba1add5bd9088c7d14c6b93b77a6ea8f3bb,1,0.958806540966034,1.0
02cbfba1add5bd9088c7d14c6b93b77a6ea8f3bb,1,0.958806540966034,1.0
02e1a114fdb71e59ee6770294166c30d437bf86a,0,0.10358979441225524,0.0
02f6b0e1ec7e0e7d059dddc893645816552039da,0,0.06287993744015691,0.0
02f76c401d17e409ed45bf7887148fcc22c93c85,0,0.27417333036661146,0.0
030ffd4d43b433bc6671d9ec34fc12c59220b95d,0,0.11898178473114965,0.0
0323bce598eea038714f941ce2b22541c46d488f,0,0.11041158780455586,0.0
0331c611949fffdf486652450901a4dc52bc5cca,1,0.8349687504768373,1.0
0331c611949fffdf486652450901a4dc52bc5cca,1,0.8349687504768373,1.0
0331c611949fffdf486652450901a4dc52bc5cca,1,0.8449687504768373,1.0
0331c611949fffdf486652450901a4dc52bc5cca,1,0.8449687504768373,1.0
0367076b0817d5c75dfb83001ce7ce5c64d803a9,1,0.25486716359853745,0.0
0403e10bf0824bf0ec2bb135d4cf1c0cc3bf4bf0,0,0.14368810474872584,0.0
044014ce85a17c0b7fab8e5df0925792010c29b2,1,0.8821946573257446,1.0
04876c12c19e94bbbc94bb0446c7bc7cd75163de,1,0.8250204288959504,1.0
049584807f1d797fc3078b68035450a9769eb5c3,0,0.041328219082206456,0.0
0495e337b7039191dfce6e03f5f830454b1fae6b,1,0.5815730601549148,0.5
04c55383fa5689357bcdd2c8036725a55ed632bc,0,0.11445438668131824,0.0
04c9b00ba83594a29813d6b1fb8fdc93a3915174,0,0.15855376601219173,0.0
04e6ccfc93c5a1aa1d75a537cf27e418895e20ea,0,0.17076689817011353,0.0
04e6ccfc93c5a1aa1d75a537cf27e418895e20ea,0,0.17076689817011353,0.0
04e6ccfc93c5a1aa1d75a537cf27e418895e20ea,0,0.19076689817011355,0.0
04e6ccfc93c5a1aa1d75a537cf27e418895e20ea,0,0.19076689817011355,0.0
04fc7816089c5a32c29a04ec94b998e219dfb946,1,0.2496097496151924,0.0
050bf3c793a07f96bd1e2fd62e1447f731ed733b,0,0.1130114077031612,0.0
051ae669e4505abbe05165bebf6be7922de11f41,0,0.4596946382522583,0.5
0570730c16307a72f8241df12363f76600baf57d,0,0.0784923706203699,0.0
0578a6dbfe7514db7134501cf93acc21cf13e479,1,0.7300997173786163,1.0
0578a6dbfe7514db7134501cf93acc21cf13e479,1,0.7300997173786163,1.0
0578a6dbfe7514db7134501cf93acc21cf13e479,1,0.7900997173786164,1.0
0578a6dbfe7514db7134501cf93acc21cf13e479,1,0.7900997173786164,1.0
0586d0a89e77d717da14df42648ace4a9fd67981,1,0.8731618070602417,1.0
05ac1a198a63ad66bf5ae8b7321407c102d40ef3,0,0.05865782041102645,0.0
05ac1a198a63ad66bf5ae8b7321407c102d40ef3,0,0.05865782041102645,0.0
05ac1a198a63ad66bf5ae8b7321407c102d40ef3,0,0.033657820411026454,0.0
05ac1a198a63ad66bf5ae8b7321407c102d40ef3,0,0.033657820411026454,0.0
05b252cccb2e5c3f56119d25de684b4f810ba40a,0,0.16618530839681625,0.0
05bdb9965305bbfdae79b31d22df03d1e2cfcb22,1,0.8478996455669403,1.0
05d9ea1ceb62a55af6727a69269a4fd310edf483,0,0.126187881976366,0.0
05d9ea1ceb62a55af6727a69269a4fd310edf483,0,0.126187881976366,0.0
05d9ea1ceb62a55af6727a69269a4fd310edf483,0,0.096187881976366,0.0
05d9ea1ceb62a55af6727a69269a4fd310edf483,0,0.096187881976366,0.0
062eacf57ad91b5c272f89dc964fd6dd9715ea7d,1,0.8310198879241943,1.0
06615d11cc78162dfd5116efb71f29eb29502d37,0,0.1430695208907127,0.0
066ff571011d8416e903d3d4f1f41e0b5eb91e1d,1,0.8875371646881104,1.0
068648aab72c9ba7b0597354ef4d81ffaac7b979,0,0.2401137763261795,0.0
06b1661e45b4a58af165367f82aa25c279903b9b,1,0.8706705617904663,1.0
06f4b8d09dbabec631ed7b033f5d5413d86c7134,1,0.7818258535861968,1.0
0718588c7aaa7a1510b4de972370535b61dddd0d,0,0.1564635881781578,0.0
0718588c7aaa7a1510b4de972370535b61dddd0d,0,0.1564635881781578,0.0
0718588c7aaa7a1510b4de972370535b61dddd0d,0,0.1964635881781578,0.0
0718588c7aaa7a1510b4de972370535b61dddd0d,0,0.1964635881781578,0.0
0731c5ab4d510501a6a2da491ac68aea858bf834,1,0.7116815340518952,1.0
073f9f249eecd64ab9d59c91c4a23cfdcc02afe4,0,0.1917299062013626,0.0
07db5e247ab5858439b14dd7cc1fe538b9efcf32,0,0.09365632914006711,0.0
080cbb890286cd794f1ee788bbc5463e2deb7c2b,0,0.08504012048244475,0.0
085d33c53012866b6c088b69b603af7cf69c0a53,1,0.7557650840282439,1.0
085d33c53012866b6c088b69b603af7cf69c0a53,1,0.7557650840282439,1.0
085d33c53012866b6c088b69b603af7cf69c0a53,1,0.765765084028244,1.0
085d33c53012866b6c088b69b603af7cf69c0a53,1,0.765765084028244,1.0
086c6cbcc563c81d55257f9b27e14faf1d0963d3,0,0.305807674229145,0.0
0871561055e666da421d779397efcc1e5e964cab,1,0.9466002154350281,1.0
0884393c63cc9a1772f7121a6645ba7bd76feeb9,0,0.22882454454898832,0.0
0884393c63cc9a1772f7121a6645ba7bd76feeb9,0,0.22882454454898832,0.0
0884393c63cc9a1772f7121a6645ba7bd76feeb9,0,0.2038245445489883,0.0
0884393c63cc9a1772f7121a6645ba7bd76feeb9,0,0.2038245445489883,0.0
088a40980efbc2c449b72f0f2c7ebd82f71d08e2,1,0.9486337769031524,1.0
08e23d05fa6dc4fc13da0ccf09defdd4bbc92ff4,0,0.2418150159716606,0.0
08e23d05fa6dc4fc13da0ccf09defdd4bbc92ff4,0,0.2418150159716606,0.0
08e23d05fa6dc4fc13da0ccf09defdd4bbc92ff4,0,0.2768150159716606,0.0
08e23d05fa6dc4fc13da0ccf09defdd4bbc92ff4,0,0.2768150159716606,0.0
08e50cf071847323414df0835109b6f3560d44f5,0,0.2033722540736198,0.0
08e50cf071847323414df0835109b6f3560d44f5,0,0.2033722540736198,0.0
08e50cf071847323414df0835109b6f3560d44f5,0,0.1933722540736198,0.0
08e50cf071847323414df0835109b6f3560d44f5,0,0.1933722540736198,0.0
0913ec336a6c0c4a2b296bd9f74f8e41c4c83c8c,0,0.1884030258655548,0.0
093d9603b60093a9aaae942db56107f6432a5dca,0,0.2029177743196487,0.0
09646c98d0bfed47930d9eb0d66c323fae70a5e0,1,0.8814789891242981,1.0
09646c98d0bfed47930d9eb0d66c323fae70a5e0,1,0.8814789891242981,1.0
09646c98d0bfed47930d9eb0d66c323fae70a5e0,1,0.9164789891242981,1.0
09646c98d0bfed47930d9eb0d66c323fae70a5e0,1,0.9164789891242981,1.0
0974d03eb479384466d828d65637814bee6b26d7,0,0.36346425414085387,0.5
0983d288caf984de0202c66641577b739caad561,0,0.3242531514167786,0.0
099be1822d1f095433f4b08af9cc9d6308ec1953,0,0.31213515877723697,0.5
099be1822d1f095433f4b08af9cc9d6308ec1953,0,0.31213515877723697,0.5
099be1822d1f095433f4b08af9cc9d6308ec1953,0,0.34213515877723694,0.5
099be1822d1f095433f4b08af9cc9d6308ec1953,0,0.34213515877723694,0.5
099d90642a711caae377f53309abfe27e8724a8b,0,0.32331997275352475,0.0
099f0af9d98231bb74956ce92508e87cbcb896be,0,0.08272771414369341,0.0
099f0af9d98231bb74956ce92508e87cbcb896be,0,0.08272771414369341,0.0
099f0af9d98231bb74956ce92508e87cbcb896be,0,0.07772771414369341,0.0
099f0af9d98231bb74956ce92508e87cbcb896be,0,0.07772771414369341,0.0
09a46725cc84165af452d978a3532d6b97a28796,1,0.9522776865959168,1.0
09a46725cc84165af452d978a3532d6b97a28796,1,0.9522776865959168,1.0
09a46725cc84165af452d978a3532d6b97a28796,1,0.9472776865959168,1.0
09a46725cc84165af452d978a3532d6b97a28796,1,0.9472776865959168,1.0
09a4ec5da92c84952db117f0d576fdd8368c873a,1,0.9347995638847351,1.0
09a4ec5da92c84952db117f0d576fdd8368c873a,1,0.9347995638847351,1.0
09a4ec5da92c84952db117f0d576fdd8368c873a,1,0.9197995638847352,1.0
09a4ec5da92c84952db117f0d576fdd8368c873a,1,0.9197995638847352,1.0
09d027dbe17137dac4d91b2698e665d46b78570e,1,0.6106886982917785,0.5
09e6cef19c9fc0e10547135476865b5272aa0406,1,0.9421379768848419,1.0
09e6cef19c9fc0e10547135476865b5272aa0406,1,0.9421379768848419,1.0
09e6cef19c9fc0e10547135476865b5272aa0406,1,0.9321379768848419,1.0
09e6cef19c9fc0e10547135476865b5272aa0406,1,0.9321379768848419,1.0
09fe2bfa6b83f865126ce3964744863f69a4a030,1,0.1680384361743927,0.0
0a105ab28a4de44eb738ce64e9ac74946aa5133b,1,0.775129405260086,1.0
0a1844bf0b532d84324453374ad6845f64066c28,1,0.8832607257366181,1.0
0a1844bf0b532d84324453374ad6845f64066c28,1,0.8832607257366181,1.0
0a1844bf0b532d84324453374ad6845f64066c28,1,0.928260725736618,1.0
0a1844bf0b532d84324453374ad6845f64066c28,1,0.928260725736618,1.0
0a233867a39078ebb0f575e2948593bbff5826b3,0,0.140439196228981,0.0
0a233867a39078ebb0f575e2948593bbff5826b3,0,0.140439196228981,0.0
0a233867a39078ebb0f575e2948593bbff5826b3,0,0.160439196228981,0.0
0a233867a39078ebb0f575e2948593bbff5826b3,0,0.160439196228981,0.0
0a242eb2913a4aa3d6fbdb86559f27628e9466f3,0,0.13036398358643053,0.0
0a3d898ee9a8303d5b3982b97ef0703919c3ea76,1,0.5790005254745483,0.5
0a3d898ee9a8303d5b3982b97ef0703919c3ea76,1,0.5790005254745483,0.5
0a3d898ee9a8303d5b3982b97ef0703919c3ea76,1,0.5940005254745484,0.5
0a3d898ee9a8303d5b3982b97ef0703919c3ea76,1,0.5940005254745484,0.5
0a46ef234756dca04623b7591e8ebb3440622f0b,0,0.6710795676708221,1.0
0a4ed2d97cb6d044196cc3e726b6699222b41019,0,0.1951543492823839,0.0
0a58d2ae572adaec8d046f8d35b40c2c32ac7468,1,0.22124049007892604,0.0
0a771f7b266b02d262900c75f1e175c7fe76fec2,0,0.29468508541584015,0.0
0a790040838c736495d5afd6b2d636f159f817f1,1,0.5259260189533234,0.5
0a7e54c1959c0feb2de23397ec09c7692364313e,1,0.9118443703651429,1.0
0a7e54c1959c0feb2de23397ec09c7692364313e,1,0.9118443703651429,1.0
0a7e54c1959c0feb2de23397ec09c7692364313e,1,0.9268443703651428,1.0
0a7e54c1959c0feb2de23397ec09c7692364313e,1,0.9268443703651428,1.0
0a97c01cd20bb96359d8c9dedad92a061ed34e0b,1,0.8092351579666137,1.0
0a97c01cd20bb96359d8c9dedad92a061ed34e0b,1,0.8092351579666137,1.0
0a97c01cd20bb96359d8c9dedad92a061ed34e0b,1,0.8192351579666137,1.0
0a97c01cd20bb96359d8c9dedad92a061ed34e0b,1,0.8192351579666137,1.0
0aadc73995d08f6b0dc061c14a564ffa46f5914e,1,0.9309057009220123,1.0
0aadc73995d08f6b0dc061c14a564ffa46f5914e,1,0.9309057009220123,1.0
0aadc73995d08f6b0dc061c14a564ffa46f5914e,1,0.9209057009220124,1.0
0aadc73995d08f6b0dc061c14a564ffa46f5914e,1,0.9209057009220124,1.0
0ab2d7532b05a3e7c06fd3b0c8bd6b46c1dfb508,1,0.9414297902584077,1.0
0ad4b4a2f6357c45fbe444ead1a929a0b4017d03,0,0.3404813414812088,0.0
0ad5bc1ce4634ce9b5eaf017b01399ec5e49a03d,1,0.8967037272453309,1.0
0ad5bc1ce4634ce9b5eaf017b01399ec5e49a03d,1,0.8967037272453309,1.0
0ad5bc1ce4634ce9b5eaf017b01399ec5e49a03d,1,0.8617037272453307,1.0
0ad5bc1ce4634ce9b5eaf017b01399ec5e49a03d,1,0.8617037272453307,1.0
0adcf6be1445ed50bfd4a451a7a782568f270197,0,0.0536358634382486,0.0
0b3a551fa58b4da941efeb209b3770868e2eddd7,0,0.6565590965747834,1.0
0b70151328781a89c89e4cf3fae21fc0e98d869e,1,0.9177617311477662,1.0
0b7808818cb9df6680f98996b8e9a439fa7bcc2f,0,0.25781442180275915,0.0
0b9130247f3b6a1122478471ff0e014ea96bb735,0,0.1226973250880837,0.0
0ba9e3a13c6adfa99e32b2576d20820ab10ad48a,1,0.4101050281524658,0.5
0baae624630788862bbd654741929007971e9d5b,1,0.9707549715042114,1.0
0be7ed8e7eb15282b5d0f6fdfea884db594ea9bf,0,0.2514946508407593,0.0
0c0b4a49d3e7f49690a6827a41faeffad5df7e21,0,0.09008328191936014,0.0
0c12028aec837f5a002009bbf68d179d506510e8,0,0.06900662586092945,0.0
0c3601a2fbfb265ce283651480e30c8e60459112,0,0.24854454576969143,0.0
0c3601a2fbfb265ce283651480e30c8e60459112,0,0.24854454576969143,0.0
0c3601a2fbfb265ce283651480e30c8e60459112,0,0.24854454576969143,0.0
0c3601a2fbfb265ce283651480e30c8e60459112,0,0.24854454576969143,0.0
0c7f293efc87a06b51db9aa65256f8cb0a5a0a21,1,0.7926388335227966,1.0
0c7f293efc87a06b51db9aa65256f8cb0a5a0a21,1,0.7926388335227966,1.0
0c7f293efc87a06b51db9aa65256f8cb0a5a0a21,1,0.7676388335227966,1.0
0c7f293efc87a06b51db9aa65256f8cb0a5a0a21,1,0.7676388335227966,1.0
0c7fcdb6d06cdf8b19b57c17605215b06afa864a,0,0.5155563914775848,0.5
0c88760f8f5e13e32f624a1da71144b240b05125,1,0.9139042925834655,1.0
0caf1120c58395108344d5df4e09359b67e95094,1,0.8862263154983521,1.0
0cdfa9e6f0915e3d243e2393bfa8a22e12d553b0,0,0.5920596396923066,0.5
0d0df1e750bac0fdaa77940e711c1625cff08d33,0,0.1533252254128456,0.0
0d14657f40830243266f972766f1e4d00436e648,1,0.9287818789482116,1.0
0d151a103775dd9645c78c97f77d6e2a5298d913,0,0.1215964463353157,0.0
0d4837fdb796f99369cf7691d33de1b856bcaf1f,0,0.07813569489866495,0.0
0d6e24b422a2166a9297a8286ff2e6ab9a5e8cd3,0,0.15811139523983,0.0
0d6e24b422a2166a9297a8286ff2e6ab9a5e8cd3,0,0.15811139523983,0.0
0d6e24b422a2166a9297a8286ff2e6ab9a5e8cd3,0,0.13811139523983001,0.0
0d6e24b422a2166a9297a8286ff2e6ab9a5e8cd3,0,0.13811139523983001,0.0
0d92e4a7ffd5c42b9fa864692f82476c0bf8bcc8,0,0.33970804661512377,0.5
0dc9254e03704c75f2ebc9cbef2ce4de83fba603,0,0.13237957894802088,0.0
0dc987b699ce4266450d407d6d79d41eab88c5d0,1,0.6969395291805268,0.5
0dcc53abf58d572d34c5313de85f607cd33fc691,0,0.10939197331666944,0.0
0df28607c5cb4fe60bba591e9858a8f7ba39aa4a,1,0.8301412057876587,1.0
0e0ff638400be8f497a35b51a4751fd823f6bd6a,1,0.8873553335666656,1.0
0e400d602f46360752e4b32ce842dba3808e15e6,0,0.15595782816410064,0.0
0e50fcc20bd87584840266e8004f9064a8985b4f,0,0.4816117909550667,0.5
0e5d5ae837c8ce04d2ddb874ec5f920118bd9d31,0,0.6209735310077668,0.5
0e8235d28f3a0e9eda9f02ff67ee566d5f42b66b,0,0.8938811182975769,1.0
0e859faf8670a78ce206977dcf1a31a0231e9ca5,1,0.6629627323150635,0.5
0e859faf8670a78ce206977dcf1a31a0231e9ca5,1,0.6629627323150635,0.5
0e859faf8670a78ce206977dcf1a31a0231e9ca5,1,0.7179627323150635,0.5
0e859faf8670a78ce206977dcf1a31a0231e9ca5,1,0.7179627323150635,0.5
0e8d2444168dd519fea501599d150e62718ed2fe,0,0.3099331474304199,0.0
0e8d2444168dd519fea501599d150e62718ed2fe,0,0.3099331474304199,0.0
0e8d2444168dd519fea501599d150e62718ed2fe,0,0.3099331474304199,0.0
0e8d2444168dd519fea501599d150e62718ed2fe,0,0.3099331474304199,0.0
0ebc1064e4874d5987722a2ddbc18f94aa53b211,0,0.09407325491309165,0.0
0eee5ae1025699ea93d44fdb6ef2365505082103,1,0.28304477542638773,0.0
0ef7dc305bd44d1c8330baa403d36c5df38b1215,1,0.8271263694763183,1.0
0f06228d4a2dcc1fca5b3ddb0eefa09c05b102c4,0,0.8140675473213196,1.0
0f0e59075b5c22f1e871fbd508d6e4f495048356,0,0.3967900621891022,0.5
0f0e59075b5c22f1e871fbd508d6e4f495048356,0,0.3967900621891022,0.5
0f0e59075b5c22f1e871fbd508d6e4f495048356,0,0.38179006218910216,0.5
0f0e59075b5c22f1e871fbd508d6e4f495048356,0,0.38179006218910216,0.5
0f28cca87e9afc22280c44d378d2a6e249933977,1,0.902851768732071,1.0
0f8619929c572609f7cdfa366d0424c2c2552e60,1,0.8484896588325501,1.0
0fc75c5940fa634d84e64c93bfc388e1274ed013,0,0.0969097340106964,0.0
107924c14e3ddd85119ca43c26a4ee1056fa9b84,0,0.26260638535022734,0.0
1085f5080647f0c9f357c270a537869191f7f2a1,0,0.42436562776565545,0.0
10f9f426ac6e752c8d87bf4346930ba347aaabac,0,0.304077770113945,0.0
112e66017bff7f2837030f34c2bc19501e9212d5,0,0.1250646575540304,0.0
11509910c599cbd04585ec35a6d5e1a0053d84c1,1,0.2882985658943653,0.0
116a678f3a9abc24f5c9d2525b7393d18d9eb58e,0,0.34576432824134823,0.0
117940aa6e5f8308f1529e1313660980f1dae771,1,0.6092455267906189,1.0
11958528161731c58e105b501ed60b83a91ea941,1,0.48307851374149324,0.5
11a1f4bc47362700fcbde717292158873fb847ed,0,0.18283029824495317,0.0
11a4d6f67cf55883dc78e31c247d1903ed7feccc,0,0.11440576165914536,0.0
120f1c857a73e52132e473dee89b340440cb692b,0,0.1374011020362377,0.0
1240eb93f0616b21c675416516ff3d74798fdc97,0,0.21951036006212235,0.0
128d5874c0822105ae9556d5435fb8562aff2e3b,1,0.9231396043300628,1.0
12aece8b01507a2d357a1861f470e83621fbb6f2,0,0.101445679962635,0.0
12cda920212a49fa22d9e8b9492ac4ea013310a4,0,0.4138241940736771,0.0
12d6c1d3a2ad0c199ec57c201cdc71e8e157a232,1,0.62414133310318,1.0
12e009d60852f7bce0afc373ca0b320f14150418,0,0.1823387226462364,0.0
12f35199a2c0551187edbf8eb01379f0598659fa,0,0.1017280901223421,0.0
12fb1ad70d65edc3405884792d044fa79df7244f,1,0.9727423894405365,1.0
133466c3bbe171f826294161db203f7670bb30c8,1,0.8861797428131104,1.0
134061163ee5ca4759de5c24ca3bd71608891ba7,0,0.18830542504787445,0.0
139ad1143151a07be93bf741d4ea7c89e59f89ce,0,0.4268961334228516,0.5
139ad1143151a07be93bf741d4ea7c89e59f89ce,0,0.4268961334228516,0.5
139ad1143151a07be93bf741d4ea7c89e59f89ce,0,0.4118961334228516,0.5
139ad1143151a07be93bf741d4ea7c89e59f89ce,0,0.4118961334228516,0.5
13ce2daa259a3bfbc9a5aeeee8b9a87058703731,1,0.80013725399971,1.0
13d0cecb4626fae67c00c84d3c7851f6b62f7df3,0,0.13791187554597856,0.0
13df4d44a3aaabe61cd01d277b6ee23ead2a5206,0,0.2972977417707443,0.0
1488ac990ac886b1209aa9f94c0c66022bcc8827,1,0.6445231008529663,0.5
15342f930ebebcfe36f2415049736a77d7d2e045,0,0.08533768177032469,0.0
153695d36ead0ccc4d0256953c751cabf673e621,0,0.07631008647382255,0.0
158a66b245739e15858de42c0ba60fcf3de9b8e6,0,0.48374125838279725,0.5
15c2990e0f0108b9c3752d7072a97d45d4283aea,0,0.09841937497258185,0.0
15cf0b82271b1823fb02ab8c377badba614d95d5,0,0.1101140950620174,0.0
160e9d2752181fcf18c662e74022d77d3164cd45,0,0.1354422258585691,0.0
160f3549a907a50e51a8518678ba2dcf2541abea,0,0.0768534684926271,0.0
16198eef11c1929374381d7f6271b4bf6aa44615,0,0.06095813676714895,0.0
16287397ec5c08aa58db6acf7dbc55470d78087d,0,0.10031896647065876,0.0
164f4064ca81eefcea29f7f5dcf394f92be1d0c0,1,0.4707718563079834,0.5
16637fea001ab3c8df528a8995b3211906165a30,0,0.20520534753799435,0.0
1680939e9ecf7764fba8689cfb3429c2fe2bb23c,0,0.24745475411415102,0.0
1692cf434ba13ee212495b5af795b6a07e986ce4,0,0.15847697496414184,0.0
1692cf434ba13ee212495b5af795b6a07e986ce4,0,0.15847697496414184,0.0
1692cf434ba13ee212495b5af795b6a07e986ce4,0,0.15347697496414187,0.0
1692cf434ba13ee212495b5af795b6a07e986ce4,0,0.15347697496414187,0.0
169410eba271afc9f0fb476d996795aa26770c6d,0,0.21036018699407574,0.0
169410eba271afc9f0fb476d996795aa26770c6d,0,0.21036018699407574,0.0
169410eba271afc9f0fb476d996795aa26770c6d,0,0.25536018699407576,0.0
169410eba271afc9f0fb476d996795aa26770c6d,0,0.25536018699407576,0.0
16ce101db85db694a91380aa4c89b25530871d33,0,0.6117502218484878,0.5
16d66a4fa81da07bc4ed19f4e53b87263c2f8d38,0,0.13269350007176395,0.0
16f3a28cf5f876a7f3550d8f4c870a7b41bcfaef,0,0.10369829699397085,0.0
171f8a49f212e87a8b04087568e1b3d132e36a18,0,0.3330773329734802,0.0
1723f04caacb32cadc4e063725d836a0c4450694,0,0.12358129844069479,0.0
172811e3a557d8681a5e2d0f871dc04a2d17eb13,0,0.6893639326095581,0.5
1728137b33c00d5a2b5110ed7aafb42e7c32e4a1,0,0.08548996791243549,0.0
176baefb2eb5d7a3ddebe3ff803db1fce44574b5,1,0.9526273369789124,1.0
176fdcbddfd288408ce8571c1760ad618d962096,1,0.9414870810508729,1.0
176fdcbddfd288408ce8571c1760ad618d962096,1,0.9414870810508729,1.0
176fdcbddfd288408ce8571c1760ad618d962096,1,0.8964870810508728,1.0
176fdcbddfd288408ce8571c1760ad618d962096,1,0.8964870810508728,1.0
17a5f6a78dc7b8db385de346092d7d9f9dc24df6,0,0.23877155065536498,0.0
17d9c15c9b9e7fb285f7ac5367dfb5f00ff575e3,0,0.09837238214910031,0.0
1802537820389183dfcd814e0f6a60d1496a75ef,1,0.5576381623744965,0.5
180a6a3ee60a7cb69ed1232388460644f6a21f00,0,0.32358499526977536,0.0
1819200166ce511ac298dc96b9b17eb655a9edc4,1,0.8147072863578796,1.0
1819200166ce511ac298dc96b9b17eb655a9edc4,1,0.8147072863578796,1.0
1819200166ce511ac298dc96b9b17eb655a9edc4,1,0.8347072863578796,1.0
1819200166ce511ac298dc96b9b17eb655a9edc4,1,0.8347072863578796,1.0
181a42edddf51d5d9697ecdf365d72ebeab5afb0,1,0.7451097834110261,1.0
181a42edddf51d5d9697ecdf365d72ebeab5afb0,1,0.7451097834110261,1.0
181a42edddf51d5d9697ecdf365d72ebeab5afb0,1,0.790109783411026,1.0
181a42edddf51d5d9697ecdf365d72ebeab5afb0,1,0.790109783411026,1.0
181d8d2066c000ba0a0e6940a7ad80f1a0e68e9d,0,0.21845207929611205,0.0
1864b8224195d0e43ddb92a8151f54f6562090cc,0,0.24037238895893093,0.0
18764b883e157e28126b54e7d4ba9dd487d5bf54,1,0.847202525138855,1.0
18764b883e157e28126b54e7d4ba9dd487d5bf54,1,0.847202525138855,1.0
18764b883e157e28126b54e7d4ba9dd487d5bf54,1,0.912202525138855,1.0
18764b883e157e28126b54e7d4ba9dd487d5bf54,1,0.912202525138855,1.0
18792e64c86dd7e34ba28e4f61faba472b7bf5fc,1,0.4196732032299042,0.5
189b0ddc245139af81198d1a3637cac74f96e13a,0,0.15697217315435405,0.0
189ff16722ee36ced4d2a2469d4ab65a8fee4198,0,0.27928394615650176,0.0
189ff16722ee36ced4d2a2469d4ab65a8fee4198,0,0.27928394615650176,0.0
189ff16722ee36ced4d2a2469d4ab65a8fee4198,0,0.25428394615650174,0.0
189ff16722ee36ced4d2a2469d4ab65a8fee4198,0,0.25428394615650174,0.0
18f039428c7df183b09c69ebf10ffd4e521035d2,0,0.3234731864929199,0.0
18f039428c7df183b09c69ebf10ffd4e521035d2,0,0.3234731864929199,0.0
18f039428c7df183b09c69ebf10ffd4e521035d2,0,0.3284731864929199,0.0
18f039428c7df183b09c69ebf10ffd4e521035d2,0,0.3284731864929199,0.0
192b8fb8d1c8ca3c87366ebbef599fa80bb626b8,0,0.0848058371990919,0.0
193cc89ea0ca1da311877d2b4bb5e9f03bcc82a2,0,0.11963641691952939,0.0
195aba96b854dd664768f382cd1db375d8181f88,0,0.34580805540084836,0.5
1972e32431ed14682909ad568c6fd660572ae6ab,1,0.5379997569322585,0.5
1978d3ead82c8e39d739dd4e19b1ea7bf923dfb4,1,0.6086731779575347,1.0
1978d3ead82c8e39d739dd4e19b1ea7bf923dfb4,1,0.6086731779575347,1.0
1978d3ead82c8e39d739dd4e19b1ea7bf923dfb4,1,0.5886731779575347,1.0
1978d3ead82c8e39d739dd4e19b1ea7bf923dfb4,1,0.5886731779575347,1.0
19b3f72a41a8751e26bffc093bb7e1cef29ad579,0,0.12117786943912505,0.0
19b3f72a41a8751e26bffc093bb7e1cef29ad579,0,0.12117786943912505,0.0
19b3f72a41a8751e26bffc093bb7e1cef29ad579,0,0.10617786943912505,0.0
19b3f72a41a8751e26bffc093bb7e1cef29ad579,0,0.10617786943912505,0.0
19d3c179a37730caf600a97fed3794feac2b197b,0,0.133992058634758,0.0
19f4f399091478c95947f6bd7ad61622300c30d9,0,0.40710916757583615,0.0
1a14150e1656f7a332a943154fc486504db4d586,0,0.1317304104566574,0.0
1a1975551943f681772720f639ff42fbaa746212,1,0.33892271310091016,0.0
1aa1329a67cc214c3b7bd2a14d1301a795760b07,0,0.19188832670450212,0.0
1aaa736815eb04f4dae3f0b3e977b2a0677a4cfb,1,0.9539904606342315,1.0
1aec77b2bb2ed1db0f5efc61c4c1ca3813307489,0,0.1053744238615036,0.0
1b05ece0c931536c0a38a9385e243a7962e933f6,1,0.11069572329521175,0.0
1b0a2d950ee2a54aa04fb31ead32144be0bbf690,1,0.6621568667888642,0.5
1b0a2d950ee2a54aa04fb31ead32144be0bbf690,1,0.6621568667888642,0.5
1b0a2d950ee2a54aa04fb31ead32144be0bbf690,1,0.6921568667888642,0.5
1b0a2d950ee2a54aa04fb31ead32144be0bbf690,1,0.6921568667888642,0.5
1b151e2435fc3a9b10c8946c6aebe9f3e1938c55,1,0.4461709463596344,0.5
1b151e2435fc3a9b10c8946c6aebe9f3e1938c55,1,0.4461709463596344,0.5
1b151e2435fc3a9b10c8946c6aebe9f3e1938c55,1,0.5211709463596343,0.5
1b151e2435fc3a9b10c8946c6aebe9f3e1938c55,1,0.5211709463596343,0.5
1b28cb81dab7c1eedc6034206f4e8d644046ad31,1,0.5066071891784668,0.5
1b3ec4f7c03d4b07bad70697d7e2f4088d2cfe92,0,0.07021779283881185,0.0
1b6138385499507147e8f654840f4c39afe6adbf,1,0.5095924174785614,0.5
1b739388aa3f8dfb63a9fca777e6dfa6912d0464,0,0.3403372025489807,0.0
1bc44a505a229bb1dd4957e11aa594edeea3690e,0,0.3891249305009842,0.0
1bc44a505a229bb1dd4957e11aa594edeea3690e,0,0.3891249305009842,0.0
1bc44a505a229bb1dd4957e11aa594edeea3690e,0,0.2991249305009842,0.0
1bc44a505a229bb1dd4957e11aa594edeea3690e,0,0.2991249305009842,0.0
1be59c97c83ccd67a519d8a49486b3a8a73ca28a,0,0.3117172521352768,0.0
1beeec45f9ac31eba52478379f70a5fa9c2ad005,0,0.1938569891452789,0.0
1c11289b34ab67ed080bbe0f1855c4938362d9cf,0,0.1502148430049419,0.0
1c1bcf2d3ea061613119b534f57507c377df20f9,0,0.23058551087975498,0.0
1c2361f667f3648855ceae25f1332c18413fdb9f,1,0.30366830646991727,0.0
1c325aac10a82f11410da8a2bf35e3e410a42751,1,0.8813749134540558,1.0
1c325aac10a82f11410da8a2bf35e3e410a42751,1,0.8813749134540558,1.0
1c325aac10a82f11410da8a2bf35e3e410a42751,1,0.8963749134540557,1.0
1c325aac10a82f11410da8a2bf35e3e410a42751,1,0.8963749134540557,1.0
1c682593096a487fd9aebc079a307ff7a6d054a3,0,0.2776845186948776,0.0
1c7a387ffef894b1ab3942f0482dac7a6e0a909c,1,0.6483314788341522,1.0
1c7a387ffef894b1ab3942f0482dac7a6e0a909c,1,0.6483314788341522,1.0
1c7a387ffef894b1ab3942f0482dac7a6e0a909c,1,0.6283314788341523,1.0
1c7a387ffef894b1ab3942f0482dac7a6e0a909c,1,0.6283314788341523,1.0
1c8e2349f2d033f634d046063b704b2ca6c46972,0,0.2247249662876129,0.0
1cb6f0bae50441f4b4b32a28315853b279c7404e,0,0.30664263516664503,0.0
1cba0d150fa102439114a91b3e215909efc9f169,0,0.19234125837683674,0.0
1cc18c2ab2e8c54c355ea7c0423a636e415a0c23,0,0.2565826889872551,0.0
1cfef80d4c2b2c599189f36f36320b205d9447d9,1,0.44600366830825805,0.5
1d26ba0944d398f88aaf997bda3544646cf21945,0,0.10423956733196969,0.0
1d38a9ee81570c4bd61f557832dead4d6f816760,0,0.16669948905706405,0.0
1d38a9ee81570c4bd61f557832dead4d6f816760,0,0.16669948905706405,0.0
1d38a9ee81570c4bd61f557832dead4d6f816760,0,0.17169948905706406,0.0
1d38a9ee81570c4bd61f557832dead4d6f816760,0,0.17169948905706406,0.0
1d8c270de5eb74245d72325d285894a577a945d9,0,0.13220193535089492,0.0
1dea3c0720a146bd7193969f2847ccfed5be2221,0,0.14081738494336604,0.0
1dea3c0720a146bd7193969f2847ccfed5be2221,0,0.14081738494336604,0.0
1dea3c0720a146bd7193969f2847ccfed5be2221,0,0.11581738494336605,0.0
1dea3c0720a146bd7193969f2847ccfed5be2221,0,0.11581738494336605,0.0
1e0d4adf17e7ef03281d7b16555e7c1508c8ed2d,1,0.36151924848556516,0.0
1e1fdcbdde3b7663e5d8faeb2245b9b151417d22,0,0.19118116319179534,0.0
1e4c574225cc5a0553115e5eb5787d1474db5b0f,0,0.9267608344554901,1.0
1e7417c188d0a83fb385ba2dbe35fd2563f2b6f3,0,0.375285347700119,0.5
1e777f39b4d75e599a3aac8e0f67d739474f198c,1,0.42154295921325685,0.5
1e9fdf21a4339b102539f476a9842e7526c01939,1,0.6786912524700165,1.0
1f11f4202caf5710204d334fe63392052783876d,0,0.589640189409256,1.0
1f57f78fbacf630430bf954e5a84caafdfea30c0,0,0.1105539482831955,0.0
1f57f78fbacf630430bf954e5a84caafdfea30c0,0,0.1105539482831955,0.0
1f57f78fbacf630430bf954e5a84caafdfea30c0,0,0.1055539482831955,0.0
1f57f78fbacf630430bf954e5a84caafdfea30c0,0,0.1055539482831955,0.0
1fd6eb12642e0c32692924ff359c07de4b781d78,0,0.13397977739572525,0.0
1fd6eb12642e0c32692924ff359c07de4b781d78,0,0.13397977739572525,0.0
1fd6eb12642e0c32692924ff359c07de4b781d78,0,0.15897977739572525,0.0
1fd6eb12642e0c32692924ff359c07de4b781d78,0,0.15897977739572525,0.0
1ff05e723f7ca30644b8ec3fb093f16312e408ad,0,0.09376197941601275,0.0
201ed315f9676809cd5b20a39206e964106d4f27,1,0.8776414012908935,1.0
206c857dd17d4d026de85866f1b5f0969f2a109e,0,0.16570470333099366,0.0
206c857dd17d4d026de85866f1b5f0969f2a109e,0,0.16570470333099366,0.0
206c857dd17d4d026de85866f1b5f0969f2a109e,0,0.20070470333099366,0.0
206c857dd17d4d026de85866f1b5f0969f2a109e,0,0.20070470333099366,0.0
20872584b8c0b006c007da9588a272c9e28d2e18,1,0.3758569359779358,0.0
2087e85bb66ee3652dafe732bb9b9b896229eafc,1,0.46737017631530764,0.5
2163aff6bebbb752edf73f79700f5e2095f3559e,0,0.7013968896865845,1.0
2174181019e4273e583a0f0a9795e9db38984784,1,0.9592040741443635,1.0
2191a54f63225b548fd8346be3611c3219a24738,0,0.1571534726023674,0.0
21a673bddc8fd4873c370caf9ae70ffc6d47e8d3,0,0.16627089641988274,0.0
21a741eb75f80397e5f7d3739e24d7d75e619011,0,0.26322131693363193,0.0
21a87d88c2253350e115029f14fe2a10a7e6c856,0,0.23012322098016735,0.0
223ef474316466e9f61f6e0064f3a6fe4923a2c5,1,0.1960908146202564,0.0
223ef474316466e9f61f6e0064f3a6fe4923a2c5,1,0.1960908146202564,0.0
223ef474316466e9f61f6e0064f3a6fe4923a2c5,1,0.28609081462025643,0.5
223ef474316466e9f61f6e0064f3a6fe4923a2c5,1,0.28609081462025643,0.5
22676bc500c27d987a0b42cbe162aebf783f1c38,1,0.27451776623725893,0.0
229bedbf62b13af5aba6525ad10b62ad38d9ccb5,0,0.15408329159021375,0.0
22cad8bc1d36547cdae0eef316c47d917ce3147c,0,0.222054748237133,0.0
22cad8bc1d36547cdae0eef316c47d917ce3147c,0,0.222054748237133,0.0
22cad8bc1d36547cdae0eef316c47d917ce3147c,0,0.217054748237133,0.0
22cad8bc1d36547cdae0eef316c47d917ce3147c,0,0.217054748237133,0.0
22e6824622e8a8889df0f8fc4ed5aea0e702a694,0,0.2086846798658371,0.0
22eb2a3fdea03e6056dcfb4c8bb9d3fde5ce02ff,1,0.7301488268375396,1.0
22ed903eee23a5b174e240f1cdfa9acf393a5210,0,0.2279511108994484,0.0
22f00812862564b314784167a89f27b444f82a46,0,0.1812278017401695,0.0
233087ca063686964a53c829d547c7571e3f67bf,0,0.4080254065990448,0.0
23c619190318376769ad7b61504c2ea0703fb783,0,0.22435523986816402,0.0
23d05d563b7e7b0314e65c8e882bc27eac2da8e7,0,0.08668969988822936,0.0
23d05d563b7e7b0314e65c8e882bc27eac2da8e7,0,0.08668969988822936,0.0
23d05d563b7e7b0314e65c8e882bc27eac2da8e7,0,0.11168969988822935,0.0
23d05d563b7e7b0314e65c8e882bc27eac2da8e7,0,0.11168969988822935,0.0
23daf1b4c91db9b26f8425cc7039cf96d22ccbfe,0,0.4897559750080108,0.5
24086640ab39396eb1a92d1cb1cd2f31b2677c52,0,0.16296032458543774,0.0
245a62982502255314b63dd2c4daaedd1cd595a6,1,0.602651561498642,0.5
246014876d782bbf2e652267482cd2e799fb5fcd,0,0.0787638658285141,0.0
246f80a0b17f8f582b2c0996db02998239057c65,0,0.1256832647323608,0.0
246f80a0b17f8f582b2c0996db02998239057c65,0,0.1256832647323608,0.0
246f80a0b17f8f582b2c0996db02998239057c65,0,0.1306832647323608,0.0
246f80a0b17f8f582b2c0996db02998239057c65,0,0.1306832647323608,0.0
249881232e1471d28b68f9a3829acc14d150cf5d,1,0.7590071702003479,1.0
24be02a42181f0707be0498045c4c4b13273b16d,0,0.12181031852960586,0.0
24e90b9e34f9e039f56b5f25f6e6eb92cdd8f4b3,0,0.15280197322368622,0.0
24e90b9e34f9e039f56b5f25f6e6eb92cdd8f4b3,0,0.15280197322368622,0.0
24e90b9e34f9e039f56b5f25f6e6eb92cdd8f4b3,0,0.1678019732236862,0.0
24e90b9e34f9e039f56b5f25f6e6eb92cdd8f4b3,0,0.1678019732236862,0.0
24ea50127ecf0efe819c1f6230add27abc6ca9d9,1,0.9549144566059111,1.0
2541626cfb794e57ba0575a6920826f591f7ced0,1,0.9420045578479768,1.0
25460d6f39024cc3b8241b14c7ccf0d6f11a736a,0,0.08351586334407325,0.0
2555283eb40df89945557273121e9393ef9b542b,0,0.49714348554611204,0.5
255547c6bb8940a97eea94ef9d464ea5967763fb,0,0.6450904071331024,0.5
25563b581ba3a1f263a00e8c9a97f5e7363be6fd,0,0.10974616527557371,0.0
25563b581ba3a1f263a00e8c9a97f5e7363be6fd,0,0.10974616527557371,0.0
25563b581ba3a1f263a00e8c9a97f5e7363be6fd,0,0.05974616527557371,0.0
25563b581ba3a1f263a00e8c9a97f5e7363be6fd,0,0.05974616527557371,0.0
2558b8039d059342197610498c8749ad294adee5,0,0.07518557503819465,0.0
2568a7e0832ee30b0a351016d03062ab4e0e0a3f,0,0.2015322670340538,0.0
25727aaed6514b88f98a18862c6f2d65a0b0ec3b,1,0.6740745210647583,0.5
25d2ba94005fac18fe68878cddff59a67e115554,1,0.593738226890564,0.5
25d2ba94005fac18fe68878cddff59a67e115554,1,0.593738226890564,0.5
25d2ba94005fac18fe68878cddff59a67e115554,1,0.698738226890564,1.0
25d2ba94005fac18fe68878cddff59a67e115554,1,0.698738226890564,1.0
26488172b0292bed837b95a006a3f3431d1898c3,0,0.11268377915024755,0.0
2663d0462eb32ae7c9b035300ab6b1523886c718,0,0.21730507552623748,0.0
2674486aac7d9c95ceb77daf7c30f862d4295c1c,1,0.8446166515350342,1.0
269d119481008cd725ce32553332593c0ecfc91c,1,0.5525869059562682,0.5
26a2ed107929a855155429b11e1293b83e6b2a8b,0,0.1249671087414026,0.0
26afda78cda3da974fd4c287962c169e9462c495,0,0.06312869682908055,0.0
26ef208c209a0e6eed8942a5d191b39dccfa6e38,1,0.8064772272109986,1.0
26ef208c209a0e6eed8942a5d191b39dccfa6e38,1,0.8064772272109986,1.0
26ef208c209a0e6eed8942a5d191b39dccfa6e38,1,0.8164772272109986,1.0
26ef208c209a0e6eed8942a5d191b39dccfa6e38,1,0.8164772272109986,1.0
271e015b91535dd87fd0f5df0cc3b906c2eddef9,1,0.740312774181366,1.0
271e015b91535dd87fd0f5df0cc3b906c2eddef9,1,0.740312774181366,1.0
271e015b91535dd87fd0f5df0cc3b906c2eddef9,1,0.765312774181366,1.0
271e015b91535dd87fd0f5df0cc3b906c2eddef9,1,0.765312774181366,1.0
27267655c5313ba0f5a3caa9ad35d887d9a12574,1,0.8383843111991882,1.0
272970be3dabd24cbe50e393ffee8f04aec3b9a8,1,0.15390422642230983,0.0
27900d7119c464b43cd9eac69c85884d17bae240,0,0.10574467100203035,0.0
27900d7119c464b43cd9eac69c85884d17bae240,0,0.10574467100203035,0.0
27900d7119c464b43cd9eac69c85884d17bae240,0,0.14074467100203036,0.0
27900d7119c464b43cd9eac69c85884d17bae240,0,0.14074467100203036,0.0
2793a8b015f7f1caadb9bce9c63dc659f7522676,1,0.9032108354568482,1.0
2793a8b015f7f1caadb9bce9c63dc659f7522676,1,0.9032108354568482,1.0
2793a8b015f7f1caadb9bce9c63dc659f7522676,1,0.9032108354568482,1.0
2793a8b015f7f1caadb9bce9c63dc659f7522676,1,0.9032108354568482,1.0
27ab33854873e6fb958cb074681a0107cc2ecc4c,0,0.09218579232692714,0.0
27af67f35631ac4b61b5e4455b44c9aee8d2cc4b,1,0.9195764672756195,1.0
27d2a2fd844ec7da70d19fabb482304fd1e0595b,0,0.109187201410532,0.0
27e56f59bab5ddafbcfe69ad7a4a6ea1279c1b16,0,0.0706594084203243,0.0
27e56f59bab5ddafbcfe69ad7a4a6ea1279c1b16,0,0.0706594084203243,0.0
27e56f59bab5ddafbcfe69ad7a4a6ea1279c1b16,0,0.0706594084203243,0.0
27e56f59bab5ddafbcfe69ad7a4a6ea1279c1b16,0,0.0706594084203243,0.0
28044fc1d4953b07acec0da4d2fc4784c57ea6fb,1,0.9580124270915985,1.0
280a8ab81733da8bc442253c700a52c4c0886ffd,0,0.5495480418205261,0.5
282a4482e198e03781c152c88aac8aa382ef9a55,0,0.14181613892316816,0.0
282a4b71816b6076029017a7bab3a9dcee12a920,0,0.3236692732572556,0.0
282c1d793076c2edac6c3db51b7e8ed2b41d60a5,0,0.13793542683124538,0.0
282c1d793076c2edac6c3db51b7e8ed2b41d60a5,0,0.13793542683124538,0.0
282c1d793076c2edac6c3db51b7e8ed2b41d60a5,0,0.12293542683124539,0.0
282c1d793076c2edac6c3db51b7e8ed2b41d60a5,0,0.12293542683124539,0.0
284f17ac13fe34ae9eecbe57bb91553374d9b855,1,0.7703512108325958,1.0
284f17ac13fe34ae9eecbe57bb91553374d9b855,1,0.7703512108325958,1.0
284f17ac13fe34ae9eecbe57bb91553374d9b855,1,0.7553512108325958,1.0
284f17ac13fe34ae9eecbe57bb91553374d9b855,1,0.7553512108325958,1.0
285f2a08841432fc3e498b1cd00cce5216cdf189,0,0.33348835110664365,0.0
28628fa952fefc7f2072ce6e8016968cc452b1ba,1,0.2364910805225372,0.0
28628fa952fefc7f2072ce6e8016968cc452b1ba,1,0.2364910805225372,0.0
28628fa952fefc7f2072ce6e8016968cc452b1ba,1,0.2314910805225372,0.0
28628fa952fefc7f2072ce6e8016968cc452b1ba,1,0.2314910805225372,0.0
2884dc7d08d98a89d8d65121524bb7533183a63a,0,0.1232606829702854,0.0
28a1295795d85a25f2e7dd391c43969e95fcb341,1,0.9291650021076202,1.0
28cb13f29faf6290597b24b728dc3100c019356f,0,0.5705275547504425,0.5
28dd788382c43b330480f57cd34cde0840896743,0,0.1199355553090572,0.0
28dd788382c43b330480f57cd34cde0840896743,0,0.1199355553090572,0.0
28dd788382c43b330480f57cd34cde0840896743,0,0.0999355553090572,0.0
28dd788382c43b330480f57cd34cde0840896743,0,0.0999355553090572,0.0
28e8b7406d3a1f5329a03aa25a43aa28e087cb20,0,0.1558716495335102,0.0
28f6c37a2910f565b4f5960df52b2eccae28c891,1,0.14799017161130906,0.0
291e9da91403e0e628d7692b5ed505100e7b7706,1,0.170502839833498,0.0
29346e217b8ab8a52889b88f00b268278d6b7668,0,0.12555533602833746,0.0
29346e217b8ab8a52889b88f00b268278d6b7668,0,0.12555533602833746,0.0
29346e217b8ab8a52889b88f00b268278d6b7668,0,0.10555533602833746,0.0
29346e217b8ab8a52889b88f00b268278d6b7668,0,0.10555533602833746,0.0
298b1e4182d657c3e388adcc29477904e9600ed5,0,0.3347930794954299,0.5
29a5b8a137ac8eb410cc823653a29ac0e7b7e1b0,0,0.10153837412595745,0.0
29b0589a865b6f66d141d79b2dd1373e4e50fe17,0,0.12367476880550385,0.0
29ed2b5dd521ce7c5d8466cd70bf0cc9d07afeee,0,0.1822959046065807,0.0
2a5b3370a1d9750eca325292e291c8c7cb8cf2e0,0,0.44428807735443115,0.5
2a5b3370a1d9750eca325292e291c8c7cb8cf2e0,0,0.44428807735443115,0.5
2a5b3370a1d9750eca325292e291c8c7cb8cf2e0,0,0.43928807735443115,0.5
2a5b3370a1d9750eca325292e291c8c7cb8cf2e0,0,0.43928807735443115,0.5
2a69c450083db164596c75c0f5b4d9c4c0e18eba,1,0.5371515691280365,1.0
2a81ada32f0e584fc0c943e0d3a8c9f4fae411d6,1,0.8126902639865875,1.0
2aab4b96900272885bc157f8b236abf1cdc02e08,1,0.10384709149599075,0.0
2adc886244dff60f948497b59affb6c6ebb3c348,0,0.12020953074097629,0.0
2adc886244dff60f948497b59affb6c6ebb3c348,0,0.12020953074097629,0.0
2adc886244dff60f948497b59affb6c6ebb3c348,0,0.1502095307409763,0.0
2adc886244dff60f948497b59affb6c6ebb3c348,0,0.1502095307409763,0.0
2ae4db5647d807efb6a87c09efaa6d1db9c905d7,0,0.2856851959228516,0.0
2b009fa0823c1510700fd17a0780ddd06a460fb4,1,0.9407435178756713,1.0
2b09d5d364986f724f17001ccfe4126b9b43a0be,0,0.10249185658991336,0.0
2b2efe1937ca9f8815884bd4dcd5b32733025103,0,0.16933255478739737,0.0
2b84e215f87443c74ac0aa7f76bb172d43a87033,1,0.433879953622818,0.0
2b947f8769be8b8181dc795fd292d3e7120f5204,0,0.12469171613454814,0.0
2b9b8f3b68edb3d67d79962f02e26dbb5ae3808d,0,0.1623904177546501,0.0
2bbe3e5a2f4ef69d13be54f1cf895b4658287080,0,0.13455057382583616,0.0
2bbe6ab2be53858507f11f99f856846d04765ae3,0,0.3442840373516083,0.0
2bbe6ab2be53858507f11f99f856846d04765ae3,0,0.3442840373516083,0.0
2bbe6ab2be53858507f11f99f856846d04765ae3,0,0.3442840373516083,0.0
2bbe6ab2be53858507f11f99f856846d04765ae3,0,0.3442840373516083,0.0
2bcca96abfbf89d26fc10fc92e40532bb2ae8891,1,0.6094184565544127,0.5
2bcca96abfbf89d26fc10fc92e40532bb2ae8891,1,0.6094184565544127,0.5
2bcca96abfbf89d26fc10fc92e40532bb2ae8891,1,0.6094184565544127,0.5
2bcca96abfbf89d26fc10fc92e40532bb2ae8891,1,0.6094184565544127,0.5
2befa515c1bb6cdd33c262b909d93d1973a219aa,0,0.14050067186355591,0.0
2befa515c1bb6cdd33c262b909d93d1973a219aa,0,0.14050067186355591,0.0
2befa515c1bb6cdd33c262b909d93d1973a219aa,0,0.1305006718635559,0.0
2befa515c1bb6cdd33c262b909d93d1973a219aa,0,0.1305006718635559,0.0
2c02d41d71f90a5168391b6a5f2954112ba2307c,0,0.49715164959430697,0.5
2c10b61421a28e95a46ab489fd56c0f442ff6952,0,0.1325967292115092,0.0
2c49908634a2b97b1c3abe0589be2739ac5e7fd5,0,0.1770848722755909,0.0
2c58c3931ede7cd08cbecf1f1a4acaf0a04a41a9,0,0.44173648118972775,0.5
2c58c3931ede7cd08cbecf1f1a4acaf0a04a41a9,0,0.44173648118972775,0.5
2c58c3931ede7cd08cbecf1f1a4acaf0a04a41a9,0,0.4717364811897278,0.5
2c58c3931ede7cd08cbecf1f1a4acaf0a04a41a9,0,0.4717364811897278,0.5
2c9f0293280e258606e54ed2b96fa71498432eae,1,0.20366689413785935,0.0
2cd3e3772e41377f32d6eea643e0590774e9187c,1,0.8995094752311706,1.0
2cd3e3772e41377f32d6eea643e0590774e9187c,1,0.8995094752311706,1.0
2cd3e3772e41377f32d6eea643e0590774e9187c,1,0.9045094752311706,1.0
2cd3e3772e41377f32d6eea643e0590774e9187c,1,0.9045094752311706,1.0
2ce156482a6fef349d2eba98e5070c412d3af662,0,0.37784663200378416,0.0
2ce156482a6fef349d2eba98e5070c412d3af662,0,0.37784663200378416,0.0
2ce156482a6fef349d2eba98e5070c412d3af662,0,0.38784663200378416,0.0
2ce156482a6fef349d2eba98e5070c412d3af662,0,0.38784663200378416,0.0
2d271af1af241e64726ada07c6bef6572f1be6a5,1,0.9677152991294861,1.0
2ddc0dd7fec86ee53b8928a5cca5fbddd4fc7c06,0,0.2653677064180374,0.0
2df7aac81070987b0f052985856aa325a38debf6,0,0.07181645039468999,0.0
2e07e8348ea454615e268222ae3fc240421be768,1,0.06202075276523825,0.0
2e07e8348ea454615e268222ae3fc240421be768,1,0.06202075276523825,0.0
2e07e8348ea454615e268222ae3fc240421be768,1,0.07202075276523826,0.0
2e07e8348ea454615e268222ae3fc240421be768,1,0.07202075276523826,0.0
2e1f2d9a9bdbe12ee475c82a45ac46a278e8049a,1,0.9492807853221894,1.0
2e4edfa1e2bd821a317e7d006517dcf2f3fac68d,0,0.3752346503734588,0.0
2e54154b9f27262efd0cb4f903cc7d5ad1fe9628,0,0.3008512499928474,0.0
2e7eab81425ad6c875f2ed47c0ce01e78afc38a5,0,0.6508023607730866,1.0
2e8a0f40a39cc253002f21c54e1b5b995e5ec510,1,0.4415054202079773,0.5
2e9ceb6728f1dc2fa4b5d08f37d88cbc49a20a62,0,0.07214143529534339,0.0
2ea31e2e62bbc4d11c411eeb36f1b02841dbcab1,0,0.06509310036897654,0.0
2eab4543a2204092c3a7af81d7d6c506e59a03a6,0,0.0812462422251701,0.0
2eabb655a968b862bc0c31629a09f0fbf3c80d51,0,0.2528916746377945,0.0
2ebe8f840c7450ecbfca9d18ac92e9ce9155e269,0,0.07316952310502525,0.0
2ee52ae94baabf7ee09cf2a8d854b990dac5d0e4,0,0.25374807715415953,0.0
2ee52ae94baabf7ee09cf2a8d854b990dac5d0e4,0,0.25374807715415953,0.0
2ee52ae94baabf7ee09cf2a8d854b990dac5d0e4,0,0.31374807715415953,0.0
2ee52ae94baabf7ee09cf2a8d854b990dac5d0e4,0,0.31374807715415953,0.0
2ef422f063b74adcc4a4a9004b0a87bb55e0a836,0,0.114490810111165,0.0
2ef422f063b74adcc4a4a9004b0a87bb55e0a836,0,0.114490810111165,0.0
2ef422f063b74adcc4a4a9004b0a87bb55e0a836,0,0.08949081011116501,0.0
2ef422f063b74adcc4a4a9004b0a87bb55e0a836,0,0.08949081011116501,0.0
2f1a6be12ab6c8470d5776e68644726c94257c54,0,0.22139756321907042,0.0
2f2665c13af4895b26761107c2f637c2f112d8e9,1,0.899832638502121,1.0
2f44013e39984c127c6efedf70e6b5f4e9dcf315,0,0.39731943011283877,0.5
2f5d0aef37c64c30da17a74a82cb782a4a943545,1,0.9156044602394104,1.0
2f945a792f67815abca26fa8a5e863ccf3fa1181,0,0.11863072045147414,0.0
2fa26ca8b786888673689ccc9da6094150939982,0,0.0503409886360168,0.0
2fa28f5c6fcbfc794340684f36d2581b4f2d20b5,0,0.1308730939030647,0.0
2fbbd712baf1c60996554326728bbdbef5616e12,1,0.8601353466510773,1.0
2fd5ad3f310de22836cdacae919dd99d758a1f1b,0,0.12450287029147145,0.0
2fdf34038369c0a27811e7b4680662a14ada1d6b,0,0.7726081240177154,1.0
2fe0a605d083b884490ee4de02be071b5b4291b1,0,0.32708065867424013,0.0
2feab2492deb2f14f9675dd6388e9e2bf669c27a,0,0.1562117451429367,0.0
2fec539112e89255b6a47f566e21d99937fada7b,1,0.9399467921257019,1.0
2fef55d8f78383c8e6d6d4c014b9597375132696,0,0.06249621659517285,0.0
2ff07b5c6fe9173e7a7de3b23f300d71ad4d8fde,1,0.6596447145938873,0.5
2ff07b5c6fe9173e7a7de3b23f300d71ad4d8fde,1,0.6596447145938873,0.5
2ff07b5c6fe9173e7a7de3b23f300d71ad4d8fde,1,0.6346447145938874,0.5
2ff07b5c6fe9173e7a7de3b23f300d71ad4d8fde,1,0.6346447145938874,0.5
30139c702048f1097342a31302cbd3d478f50c63,0,0.08386193782091139,0.0
30153e4466647a17eebfced13eede5cbe4290e69,0,0.20503152221441265,0.0
301867b1c16805aebbc306aafa6ecdc68b73c7e5,1,0.43902897357940673,0.0
3019b86bce16fbb5bc1964f3544d0ce7d0137278,0,0.24219011455774306,0.0
30200ef8d1368f0dee424d5926bd7af0cdc87b54,1,0.577527174949646,1.0
30343221132430c24b468493c861f71e2bad131f,1,0.9301833927631378,1.0
3037933448f60f9acb705997eae62013ecb81e0d,0,0.19432113945484158,0.0
303e6da99429510b1e4edf833afe90ac8542e747,1,0.5752253758907317,0.5
3044b16e7c6fe5d24b1cdbcf1bd0a9d92d1ebd81,0,0.05576595835387706,0.0
304b44f0d5a4c2f91f82f7c31538d00485fb484c,1,0.7038822281360626,1.0
305a5170dc5cf3d395bb4c4e9239bca6d0b54b49,0,0.20877512633800505,0.0
30cf57da176cca80f11df0d9b7f71581fe601389,0,0.2731818789243698,0.0
310ee0902b8d9d0a13a5a13e94688a5863fa29c2,1,0.6703031957149506,0.5
3178308ad4ca38955cad684d235153d4939f1fcd,1,0.9513924527168274,1.0
317eb9685095678f2c9f5a8189de698c5354316a,0,0.2676320579648018,0.0
317eb9685095678f2c9f5a8189de698c5354316a,0,0.2676320579648018,0.0
317eb9685095678f2c9f5a8189de698c5354316a,0,0.20763205796480175,0.0
317eb9685095678f2c9f5a8189de698c5354316a,0,0.20763205796480175,0.0
3199a34bfaf7561410e0be1e33a61eba870768fc,0,0.13483161240816116,0.0
31c07dffafce914c1d1543c135382a11ff058d93,0,0.15951815515756604,0.0
31c07dffafce914c1d1543c135382a11ff058d93,0,0.15951815515756604,0.0
31c07dffafce914c1d1543c135382a11ff058d93,0,0.13951815515756605,0.0
31c07dffafce914c1d1543c135382a11ff058d93,0,0.13951815515756605,0.0
31c70bfe58ef09fe36327ddcced9143a16e9e83d,0,0.5120378744602203,0.5
31d58c4e557d46fa7f8557714250fb6f89c941ae,1,0.7668694174289703,1.0
31db78a4923ef5e2008f2eed321811ca79e7f71b,0,0.24879822090268136,0.0
31db78a4923ef5e2008f2eed321811ca79e7f71b,0,0.24879822090268136,0.0
31db78a4923ef5e2008f2eed321811ca79e7f71b,0,0.22879822090268134,0.0
31db78a4923ef5e2008f2eed321811ca79e7f71b,0,0.22879822090268134,0.0
3228cec23b8b29215e18090c6ba635840190993d,0,0.10936259299516675,0.0
32452a3eb8b64e01e2be717f518c0be046975b9d,0,0.0927233928442001,0.0
3261400639463a853ba2b3be8bd009c2a8089775,0,0.33205736696720123,0.0
32671e3799ca2e4590773fd0e63aaa4229e50c06,0,0.5206458443403243,0.5
32671e3799ca2e4590773fd0e63aaa4229e50c06,0,0.5206458443403243,0.5
32671e3799ca2e4590773fd0e63aaa4229e50c06,0,0.5506458443403244,0.5
32671e3799ca2e4590773fd0e63aaa4229e50c06,0,0.5506458443403244,0.5
327462725b0f759f093788dfbcb2f1fd132f956b,0,0.2721899402141571,0.0
327462725b0f759f093788dfbcb2f1fd132f956b,0,0.2721899402141571,0.0
327462725b0f759f093788dfbcb2f1fd132f956b,0,0.2421899402141571,0.0
327462725b0f759f093788dfbcb2f1fd132f956b,0,0.2421899402141571,0.0
329061d3e2f9a0082a097e9558bd5497098586c6,1,0.9125486242771148,1.0
32c877191e022b55fe3a374f3d7e9fb5741c514d,1,0.47424036264419556,0.0
32df4abc44f24dbec239d43e2b26d5768c5d1a78,0,0.4866701737046242,0.5
32ea2c57dc216b6ad8125fa680d31daa5d421c95,0,0.2880666774511337,0.0
33322e3ef07409278a18c6919c448e369d66a18e,0,0.2244589239358902,0.0
3335068f87217ea59d08f462187dc856652eea15,1,0.8996710097789764,1.0
3335a13535312c9fad4d8d1307a621e6617d6ed8,1,0.48990643143653867,0.5
335e35b748527f0c06ded9eebb65387f60647fda,0,0.1333705163747072,0.0
3390916aca7af1893ed2ebcdfee1d6fdb65bb058,0,0.09111098185181615,0.0
339b84ab6b1d66900c27bd999271cb2ae40ce812,0,0.14843116655945776,0.0
33b1c47d1fc0b5f06a393bb915db85baacba18ea,0,0.3679065978527069,0.0
33fc42de33278b2b3ec6f3390512987bc29a62b7,1,0.9584071052074432,1.0
3473185f31df29ac572be94fdb87ad8267108bec,1,0.8719721269607543,1.0
3473185f31df29ac572be94fdb87ad8267108bec,1,0.8719721269607543,1.0
3473185f31df29ac572be94fdb87ad8267108bec,1,0.8519721269607544,1.0
3473185f31df29ac572be94fdb87ad8267108bec,1,0.8519721269607544,1.0
34803f9a4b3ab20dbc09ad13ed5fa98263896b37,1,0.9536529397964478,1.0
34803f9a4b3ab20dbc09ad13ed5fa98263896b37,1,0.9536529397964478,1.0
34803f9a4b3ab20dbc09ad13ed5fa98263896b37,1,0.9186529397964478,1.0
34803f9a4b3ab20dbc09ad13ed5fa98263896b37,1,0.9186529397964478,1.0
34c4effacfc329aeca5635a69fd9e0f6c90b4101,0,0.07651478245854375,0.0
34c4effacfc329aeca5635a69fd9e0f6c90b4101,0,0.07651478245854375,0.0
34c4effacfc329aeca5635a69fd9e0f6c90b4101,0,0.07151478245854376,0.0
34c4effacfc329aeca5635a69fd9e0f6c90b4101,0,0.07151478245854376,0.0
34cf99c250d5cd2530b93a57b0de31d3aaf8685b,0,0.24809836477041244,0.0
34cf99c250d5cd2530b93a57b0de31d3aaf8685b,0,0.24809836477041244,0.0
34cf99c250d5cd2530b93a57b0de31d3aaf8685b,0,0.16809836477041246,0.0
34cf99c250d5cd2530b93a57b0de31d3aaf8685b,0,0.16809836477041246,0.0
34e37b4c432cd0f1842b352fde4b8878b4166888,1,0.9093613338470459,1.0
352899f384d4aefa77ede6310d08c1b515612a8f,1,0.8896333646774293,1.0
354a6e707e29cb0c007176ee5b8db8be7bd2dee0,0,0.0744807660579681,0.0
354a6e707e29cb0c007176ee5b8db8be7bd2dee0,0,0.0744807660579681,0.0
354a6e707e29cb0c007176ee5b8db8be7bd2dee0,0,0.0694807660579681,0.0
354a6e707e29cb0c007176ee5b8db8be7bd2dee0,0,0.0694807660579681,0.0
359a5e1416caaf9ce28396a65ed3e386cc5de663,1,0.6916768372058868,1.0
35d92abfbad88cf947c010baf34b075e40566095,0,0.37297695755958554,0.0
3628e0383dd349f02f882e612ab6184e4bb3dc10,0,0.41377263426780697,0.0
363a5328f4b0517e59572118ccfb7c626d81dca9,0,0.19967085793614384,0.0
36404b09aa609e00f8f0108356830c22b99b3cbf,1,0.7547987639904022,1.0
364f997b5cfe1db0d63a390fe7c801fa2b3115f6,0,0.5243958556652069,0.5
36639013b3462c06ff8e3400a427f775b4fc97f5,0,0.3233583867549896,0.0
3668651def2c1622904e58b0280ee93121f2b10b,0,0.4935996341705322,0.5
368ba06881c395f1c9a7ba22203cf8d78b4addc0,0,0.23934832438826562,0.0
36a4d82dddbbd421d2b8e79e1cab68c8126d5075,0,0.16328456483781334,0.0
36ab7ada64caf08f10ee5a114d39964d1f91e81d,0,0.37959901690483094,0.5
36ac9e7f2e5786bd37c5cd91132e1f39c29b8197,0,0.534626796245575,1.0
36c92936e868601fa1f43da6758cf55805043509,0,0.14359360843896865,0.0
36e56b1b002bb26440403053f19f9e1a8bc075b2,0,0.1698579359054565,0.0
3701cd390fd731ee7ae8b8006246c8db82c72bea,0,0.23150236576795574,0.0
3701cd390fd731ee7ae8b8006246c8db82c72bea,0,0.23150236576795574,0.0
3701cd390fd731ee7ae8b8006246c8db82c72bea,0,0.23650236576795575,0.0
3701cd390fd731ee7ae8b8006246c8db82c72bea,0,0.23650236576795575,0.0
3722873d49a1788d5420894d4f6f63e35f5c1f13,0,0.09032873094081875,0.0
378b2e956820ff5c082d05f42828badcfbabb614,1,0.9651460456848144,1.0
382c27f4ed28f803b1f1473ac2d8db0afc795a1b,0,0.3883809179067611,0.0
382c27f4ed28f803b1f1473ac2d8db0afc795a1b,0,0.3883809179067611,0.0
382c27f4ed28f803b1f1473ac2d8db0afc795a1b,0,0.4133809179067611,0.0
382c27f4ed28f803b1f1473ac2d8db0afc795a1b,0,0.4133809179067611,0.0
385d838df280eba6c8680f9777bfa0d0bfe7e8b2,0,0.20016012161970137,0.0
38685e2a0476127db766f81b1c06019ddc4c9ffa,0,0.2356806817650795,0.0
38685e2a0476127db766f81b1c06019ddc4c9ffa,0,0.2356806817650795,0.0
38685e2a0476127db766f81b1c06019ddc4c9ffa,0,0.2056806817650795,0.0
38685e2a0476127db766f81b1c06019ddc4c9ffa,0,0.2056806817650795,0.0
386e4fb6962b9f248a80f8870aea0870ca603e89,0,0.1081563641130924,0.0
38b14e2e3de9ff77ff00642ebef46e391ccf0aaf,1,0.6159622156620026,1.0
38c9c22a85aeed28d0831f230136e9cf6fa2ed44,1,0.09446657709777355,0.0
38e3825631b1f314b21e3ade00b5a4d737eb054e,0,0.17183688119053842,0.0
38e6f715b02b572f74677eb2f29d3b4bc6f1ddff,1,0.43270889282226566,0.5
38fa5479b41376dc9d7f57e71c83514285a25ca0,1,0.1800516727566719,0.0
3911af778f208e5f49d43ce739332b91e26bc48e,0,0.2527625560760498,0.0
39299bdd2546688d92ed9db4948f6219ca1b9542,1,0.6110161912441254,1.0
39299bdd2546688d92ed9db4948f6219ca1b9542,1,0.6110161912441254,1.0
39299bdd2546688d92ed9db4948f6219ca1b9542,1,0.6360161912441253,1.0
39299bdd2546688d92ed9db4948f6219ca1b9542,1,0.6360161912441253,1.0
39381fe7394e5eafac76e7e9367e7351138a29c1,0,0.08099549584090704,0.0
3941a3aa4b653b69876d894d08f3fff1cc965267,0,0.14539372146129606,0.0
3948b05950fdd64002a5f182c65ba5cf2d53cf71,1,0.5866319346427917,0.5
39705a6c29f8a2b93cf5b99528a55366c50014d1,0,0.16400202572345732,0.0
3971442870713de527684398416970cf025b4f89,0,0.10872211545705796,0.0
3971442870713de527684398416970cf025b4f89,0,0.10872211545705796,0.0
3971442870713de527684398416970cf025b4f89,0,0.15372211545705794,0.0
3971442870713de527684398416970cf025b4f89,0,0.15372211545705794,0.0
39ade048a32ea653b94dcfbf816b0b13a6be8a33,1,0.6829136860370636,0.5
39bc27bd688066a63e56f7f64ad34fae03fbe3b8,0,0.0945301446318626,0.0
39cdb68c64d84e71a4a717000b6e5de208ee60cc,0,0.0801839879155159,0.0
39f60c1ccee72caa0104145b5dbf5d37cce1ea39,1,0.690666675567627,1.0
3a07327d10a09379315c844c63f27941f5081e0a,1,0.9665410876274109,1.0
3a5465418f5fd970e86a86c7f4075be262682840,0,0.3944832348823547,0.0
3a732b46736cd8a29092e4b0b1a9ba83e672bf89,0,0.2206319652497768,0.0
3a75b205de43365f80a33b98ec9289785da56243,0,0.04801278255879875,0.0
3a75b205de43365f80a33b98ec9289785da56243,0,0.04801278255879875,0.0
3a75b205de43365f80a33b98ec9289785da56243,0,0.06801278255879875,0.0
3a75b205de43365f80a33b98ec9289785da56243,0,0.06801278255879875,0.0
3a7c1661ae1383364cd6092d851f5e5da64d476b,1,0.0962530361115932,0.0
3a82f62b0d9d7687eac47603bb6cd14a50fa718b,0,0.31108062863349917,0.5
3a861560ccb35f2a4f0a4b8207fa7c2a35fc7f31,0,0.5025346699357033,0.5
3a8845af66edb340ba9210bb8a0da040c7d6e590,1,0.953793249130249,1.0
3a8845af66edb340ba9210bb8a0da040c7d6e590,1,0.953793249130249,1.0
3a8845af66edb340ba9210bb8a0da040c7d6e590,1,0.9587932491302491,1.0
3a8845af66edb340ba9210bb8a0da040c7d6e590,1,0.9587932491302491,1.0
3ac6487e584a1eb54071dbe1212e05b884136704,0,0.18544191166758534,0.0
3ad14f54bd7448384458e69f0183843f683ecce8,1,0.822895919084549,1.0
3af755a46881c32fecaecfdeaf3a8f0a869deca5,1,0.5923752069473267,1.0
3af755a46881c32fecaecfdeaf3a8f0a869deca5,1,0.5923752069473267,1.0
3af755a46881c32fecaecfdeaf3a8f0a869deca5,1,0.5773752069473266,1.0
3af755a46881c32fecaecfdeaf3a8f0a869deca5,1,0.5773752069473266,1.0
3b6c14833165f689cc5928574ebafe52bbce5f1e,0,0.06317635633051395,0.0
3b6c14833165f689cc5928574ebafe52bbce5f1e,0,0.06317635633051395,0.0
3b6c14833165f689cc5928574ebafe52bbce5f1e,0,0.13817635633051395,0.0
3b6c14833165f689cc5928574ebafe52bbce5f1e,0,0.13817635633051395,0.0
3b8cc6298724021da845f2f9fd7dd4b6829a6817,1,0.8712360227108003,1.0
3b9ce0491a43e9af7f108b2f1bced7cd35931660,0,0.2538775426149368,0.0
3bb2a01caa813d3a1845d378bbe4169ef280d394,0,0.17435595512390134,0.0
3bcd6c7eaa53b56c3f584da46a1f7652e759d0e5,0,0.5314915937185287,0.5
3c12466b6b7bf1e56f9b32c366a3d83d87afb4de,0,0.2771016103029251,0.0
3c12466b6b7bf1e56f9b32c366a3d83d87afb4de,0,0.2771016103029251,0.0
3c12466b6b7bf1e56f9b32c366a3d83d87afb4de,0,0.3171016103029251,0.0
3c12466b6b7bf1e56f9b32c366a3d83d87afb4de,0,0.3171016103029251,0.0
3c34fb0bd4a4237592c5ecb5b2e2531900c55774,0,0.1430574795603752,0.0
3c453e8cc672de1f9c662948dba43176bc68d7f0,0,0.4557735073566437,0.5
3c4f8333b582487a2d1e02171f1465531cde53e3,0,0.11084224089980126,0.0
3c52c6bb831f6335c176a0fc7214e26f43adbd11,0,0.1681757294386625,0.0
3cad1bc010416c6dd780643476bc59ed742436b9,0,0.10695765160024165,0.0
3cb1f40dfdc3b9f5449076c96b4e2523139f5cd0,1,0.7820899295806885,1.0
3cffa2ddc4d3fcf70cde361236f5a614f81a09b2,0,0.15088602334260942,0.0
3cffa2ddc4d3fcf70cde361236f5a614f81a09b2,0,0.15088602334260942,0.0
3cffa2ddc4d3fcf70cde361236f5a614f81a09b2,0,0.1658860233426094,0.0
3cffa2ddc4d3fcf70cde361236f5a614f81a09b2,0,0.1658860233426094,0.0
3d16af0b4cfac4b2c3b238e2ec37b38c2f316978,1,0.7296698987483978,0.5
3d3925ff6433f98992685a9679613a2cc97f3ce2,0,0.26164766967296604,0.0
3d439b1a2ad36c8b4ea151c8de25309d60d17407,1,0.34978946566581726,0.0
3d501dd326fb1c73f1b8206d4c6e1d7b15c07e27,0,0.16525622546672822,0.0
3d501dd326fb1c73f1b8206d4c6e1d7b15c07e27,0,0.16525622546672822,0.0
3d501dd326fb1c73f1b8206d4c6e1d7b15c07e27,0,0.1452562254667282,0.0
3d501dd326fb1c73f1b8206d4c6e1d7b15c07e27,0,0.1452562254667282,0.0
3d5918477f94e4c2f064567875c475468e264644,0,0.1044116613268852,0.0
3d6586008f7b638f91f3332602592caa8b00b559,0,0.44666254401206973,0.5
3d913719df14c28c4d3819e7e6d150760222bda4,0,0.2707231956720352,0.0
3da9b71563cbb7281875adab1d7c4132679da987,1,0.690379878282547,0.5
3db09e762dc79584a69c10d74a6b98f89a9979f8,0,0.20818520188331602,0.0
3dc5d44545453de1de9c53cc529cc960a85933da,1,0.5814786779880523,1.0
3dc5d44545453de1de9c53cc529cc960a85933da,1,0.5814786779880523,1.0
3dc5d44545453de1de9c53cc529cc960a85933da,1,0.6014786779880523,1.0
3dc5d44545453de1de9c53cc529cc960a85933da,1,0.6014786779880523,1.0
3dd384108d53834002be5630132ad5c3f32166ad,0,0.08880078494548795,0.0
3de6ee94aae701fa949cd3b5df6b6a440ddfb8f2,0,0.05697374567389485,0.0
3de6ee94aae701fa949cd3b5df6b6a440ddfb8f2,0,0.05697374567389485,0.0
3de6ee94aae701fa949cd3b5df6b6a440ddfb8f2,0,0.06697374567389486,0.0
3de6ee94aae701fa949cd3b5df6b6a440ddfb8f2,0,0.06697374567389486,0.0
3dec89b14d37ee635e772636dad3f09f78f1ab87,1,0.8813003730773925,1.0
3df0411e132ee74a87aa13142dfd2b190275332e,0,0.20579597681760786,0.0
3df463865ba42b8f88a590326f4c9ea17a1ce459,0,0.19646325528621672,0.0
3e337087c3b5805fe0b8a46ba622a962880b5d64,0,0.1566247138381004,0.0
3e3eabe26dc88692d34cf76ca0e0dd331481cc15,1,0.590309476852417,0.5
3e3eabe26dc88692d34cf76ca0e0dd331481cc15,1,0.590309476852417,0.5
3e3eabe26dc88692d34cf76ca0e0dd331481cc15,1,0.575309476852417,0.5
3e3eabe26dc88692d34cf76ca0e0dd331481cc15,1,0.575309476852417,0.5
3e78986a840d59dd27e636eae3f52dc11125c835,0,0.15507986932992934,0.0
3ebc46ca8675de6378e3f8f40768e180bb8afa66,0,0.3014214825630188,0.0
3ee1a1fc39819906f04d6c62c180e760cd3a689d,1,0.8387735247611999,1.0
3efc61d95259956db25347e2a9562c3e54546e20,0,0.41345413625240324,0.5
3f0b3e785e8b54a40c530fa77b7ab37bec925c57,1,0.8398970866203308,1.0
3f29f6537f54d74e64bac0a390fb2e26da25800d,0,0.22491963326931,0.0
3f4093e2bf4673f218c0bf17d8362337c400e77b,0,0.10117019057273866,0.0
3f489c2067c5824528212b0fc18b28d51332d906,0,0.13740963548421856,0.0
3f489c2067c5824528212b0fc18b28d51332d906,0,0.13740963548421856,0.0
3f489c2067c5824528212b0fc18b28d51332d906,0,0.08740963548421854,0.0
3f489c2067c5824528212b0fc18b28d51332d906,0,0.08740963548421854,0.0
3f703186113fac0f3c965204b2cbb22a03322e2c,1,0.9894625198841095,1.0
3f77c7d605b29df277d77e9ee75d96e7ad145d2d,0,0.09371904440224171,0.0
3f77c7d605b29df277d77e9ee75d96e7ad145d2d,0,0.09371904440224171,0.0
3f77c7d605b29df277d77e9ee75d96e7ad145d2d,0,0.0787190444022417,0.0
3f77c7d605b29df277d77e9ee75d96e7ad145d2d,0,0.0787190444022417,0.0
3fec323339a4a9801a54e8b282eb571965b67b23,1,0.3653350919485092,0.0
3fec323339a4a9801a54e8b282eb571965b67b23,1,0.3653350919485092,0.0
3fec323339a4a9801a54e8b282eb571965b67b23,1,0.44033509194850917,0.0
3fec323339a4a9801a54e8b282eb571965b67b23,1,0.44033509194850917,0.0
40140eda661ea4be219ef194a4f43b7b5e3bbd27,1,0.8491790843009948,1.0
40543b3d9d2c13227ecd3aa90a713c201d1d7f09,0,0.43492447495460507,0.0
406e8845356d18bdf3d3a23b347faf67706472ec,0,0.34156976640224457,0.0
406e8845356d18bdf3d3a23b347faf67706472ec,0,0.34156976640224457,0.0
406e8845356d18bdf3d3a23b347faf67706472ec,0,0.2765697664022445,0.0
406e8845356d18bdf3d3a23b347faf67706472ec,0,0.2765697664022445,0.0
4071bf121d59944d5cd2238de0642f3d7995a997,0,0.11235643103718755,0.0
407d1a51921e9f28c1bcec647c2205925bd1fdab,1,0.9515429842472076,1.0
409db27e3a2eb5e8ef7226ca33be33361b3ed1c9,1,0.1004140805825591,0.0
40b717bfcefab28a0656b8caa5e43d5449e5a671,1,0.5301371240615844,0.5
40d442f969fb1e871da6fca73d3f8aef1f888558,0,0.0919246523827314,0.0
4136212ab18eb3dce6efb6e18108765c36708f71,1,0.6124212658405304,0.5
413be839bfca9a4f6b32b92807ecdc2c2c182d94,1,0.41252238035202027,0.5
41673c66b3d0c09915698fec5c13b24336f18dd1,0,0.13119518771767613,0.0
41673c66b3d0c09915698fec5c13b24336f18dd1,0,0.13119518771767613,0.0
41673c66b3d0c09915698fec5c13b24336f18dd1,0,0.14619518771767614,0.0
41673c66b3d0c09915698fec5c13b24336f18dd1,0,0.14619518771767614,0.0
4172385b0c9ac366dcab78eda48c26814b87ed1a,0,0.7345478200912476,1.0
41ebaa5e0eebea4c3bac96b72f9f8ae0d77c0bdb,0,0.0771751194819808,0.0
41ebaa5e0eebea4c3bac96b72f9f8ae0d77c0bdb,0,0.0771751194819808,0.0
41ebaa5e0eebea4c3bac96b72f9f8ae0d77c0bdb,0,0.1021751194819808,0.0
41ebaa5e0eebea4c3bac96b72f9f8ae0d77c0bdb,0,0.1021751194819808,0.0
4254dfeda82f20844299dca6c38cbffcfd499f41,0,0.21171322412788865,0.0
4268254a39484fc11ba991ae148bacbe75d9cc0a,0,0.6080210733413696,0.5
427694cfaafa565a3db5c5ea71df6bc095dca92f,1,0.19159910336136815,0.0
427694cfaafa565a3db5c5ea71df6bc095dca92f,1,0.19159910336136815,0.0
427694cfaafa565a3db5c5ea71df6bc095dca92f,1,0.19159910336136815,0.0
427694cfaafa565a3db5c5ea71df6bc095dca92f,1,0.19159910336136815,0.0
4278a0deb1f6cac40ded3362fe2a9827d7efee3d,1,0.23346236824989314,0.0
42b2547137f5c974bb1bfd657c869fe96b96d86f,1,0.8698362159729004,1.0
42d237320e9817a94f3a0a2de28156523596b086,1,0.9442374420166015,1.0
42d237320e9817a94f3a0a2de28156523596b086,1,0.9442374420166015,1.0
42d237320e9817a94f3a0a2de28156523596b086,1,0.9342374420166016,1.0
42d237320e9817a94f3a0a2de28156523596b086,1,0.9342374420166016,1.0
43543e6f539b3e646348c253059f75e27d63c94d,1,0.9018442022800446,1.0
43626dade36fa74d3329046f4ae2d7fdefe401c6,0,0.0488584679365158,0.0
43e2b37e2ab660c3565d4cff27922bc70e79c3f1,0,0.0877051867544651,0.0
43eb8949cfdffa764b92bc6c54b87cbe5b0003fe,1,0.2935158556699753,0.0
43ec16f1450f4936025a9bdf1a273affdb9732c1,0,0.11886393934488296,0.0
4409df5866b7ff7686ba27e449ca97a92ee063c9,1,0.6593242609500884,1.0
4409df5866b7ff7686ba27e449ca97a92ee063c9,1,0.6593242609500884,1.0
4409df5866b7ff7686ba27e449ca97a92ee063c9,1,0.6693242609500885,1.0
4409df5866b7ff7686ba27e449ca97a92ee063c9,1,0.6693242609500885,1.0
4411a6c0abd3e55b4a4fb9432b3a0553f12337c2,1,0.9072057926654816,1.0
44283993144a03af9df31934d6c32bbd42d1a347,0,0.14907005861401557,0.0
443d61d1fa9faa60ef925513d83742902390100f,0,0.08925723314285275,0.0
444ff00734f3878cd54ddd1ed5e2e6dbea9326d5,1,0.14384765058755875,0.0
445a4aaf5842073e4130b1d6dbe3785284d9615f,1,0.9092149567604064,1.0
445d85e3c1dfd8c45b24be6f1527f1e117256d0e,1,0.857428126335144,1.0
4462fbfe6ec1bfe2196b977010f6ce7b43a32f2c,1,0.9471902763843536,1.0
447286ebadaafa551550704ff0b42eb08b1d1cb2,1,0.7893446183204651,1.0
4475afa2646d3fec176fc4d011d3879b26cb26e3,0,0.10319118067622185,0.0
44bdb313da57322c9b3c108eb66981c6ec6509f4,0,0.2189308175444603,0.0
44bdb313da57322c9b3c108eb66981c6ec6509f4,0,0.2189308175444603,0.0
44bdb313da57322c9b3c108eb66981c6ec6509f4,0,0.18393081754446028,0.0
44bdb313da57322c9b3c108eb66981c6ec6509f4,0,0.18393081754446028,0.0
44c06bbde6443de206b30f513100b5670b23fc5e,0,0.13999804660677911,0.0
44e694958b95395bd1c41508c88c8ca141bf9bd7,1,0.9870543730258943,1.0
44e694958b95395bd1c41508c88c8ca141bf9bd7,1,0.9870543730258943,1.0
44e694958b95395bd1c41508c88c8ca141bf9bd7,1,0.9870543730258943,1.0
44e694958b95395bd1c41508c88c8ca141bf9bd7,1,0.9870543730258943,1.0
45120b15743fa7c0aa53d5db6dfb4c8f87be4abd,0,0.1493472696840763,0.0
45120b15743fa7c0aa53d5db6dfb4c8f87be4abd,0,0.1493472696840763,0.0
45120b15743fa7c0aa53d5db6dfb4c8f87be4abd,0,0.1543472696840763,0.0
45120b15743fa7c0aa53d5db6dfb4c8f87be4abd,0,0.1543472696840763,0.0
45284ff733e4caf6c118aae5131eb7e7cf3eea5a,0,0.8496133732795716,1.0
45284ff733e4caf6c118aae5131eb7e7cf3eea5a,0,0.8496133732795716,1.0
45284ff733e4caf6c118aae5131eb7e7cf3eea5a,0,0.8496133732795716,1.0
45284ff733e4caf6c118aae5131eb7e7cf3eea5a,0,0.8496133732795716,1.0
4569cce43bc61e4cdd76597a1cf9b608846c18cc,1,0.8802142965793609,1.0
458e279f861d3f61796894cd158b780765a1569f,0,0.17595367468893525,0.0
45a832f989e520095429589d5b01b0c65da9b574,0,0.28143378615379333,0.0
45a832f989e520095429589d5b01b0c65da9b574,0,0.28143378615379333,0.0
45a832f989e520095429589d5b01b0c65da9b574,0,0.2264337861537933,0.0
45a832f989e520095429589d5b01b0c65da9b574,0,0.2264337861537933,0.0
45af1d7aae7d5520d2858f8517a1342646f015db,0,0.1600401875376701,0.0
45bf39f8df7f05efb83b302c65ae3b9bc92b7065,1,0.15550825268030166,0.0
45c8034db47842b25a3ab6139d71e13b4e67b9b3,0,0.1811800882220268,0.0
45c8034db47842b25a3ab6139d71e13b4e67b9b3,0,0.1811800882220268,0.0
45c8034db47842b25a3ab6139d71e13b4e67b9b3,0,0.1661800882220268,0.0
45c8034db47842b25a3ab6139d71e13b4e67b9b3,0,0.1661800882220268,0.0
45cf976008ddef4a9c9a30310c9b4fb2a9a6602a,0,0.1365334403514862,0.0
45dac1352b55b1d8cb17f218936b2bc2bc1fb4ee,0,0.2557622146606445,0.0
462237d2d93fc9e9221d1cf9f773954d27da83c0,0,0.1334723852574825,0.0
462a8e08e0e6287e5ce13187257edbf24213ed03,0,0.05420625649392605,0.0
46859ac8af52ae599e1b51992ddef3eb43f295fc,1,0.933746668100357,1.0
468e3295774d0edce15f4ae475913b5076dd4f40,0,0.11385477036237715,0.0
46a9ea6681907a3be6b6b0d43776dccc62cad6cf,0,0.057657593488693204,0.0
46a9ea6681907a3be6b6b0d43776dccc62cad6cf,0,0.057657593488693204,0.0
46a9ea6681907a3be6b6b0d43776dccc62cad6cf,0,0.10265759348869322,0.0
46a9ea6681907a3be6b6b0d43776dccc62cad6cf,0,0.10265759348869322,0.0
46d4efcccc688cbacdd70a238bedca510acaa8e4,0,0.12720016464591025,0.0
471470bc7052d28ce125901877dd10e4c048e513,1,0.23983064293861384,0.0
471470bc7052d28ce125901877dd10e4c048e513,1,0.23983064293861384,0.0
471470bc7052d28ce125901877dd10e4c048e513,1,0.19983064293861386,0.0
471470bc7052d28ce125901877dd10e4c048e513,1,0.19983064293861386,0.0
471aa951bf1206d3c10d0daa67005b8e4db4ff83,0,0.21783918887376785,0.0
471aa951bf1206d3c10d0daa67005b8e4db4ff83,0,0.21783918887376785,0.0
471aa951bf1206d3c10d0daa67005b8e4db4ff83,0,0.23783918887376784,0.0
471aa951bf1206d3c10d0daa67005b8e4db4ff83,0,0.23783918887376784,0.0
47388e807f85948eefc403a8a5fdc5b406a65d5a,0,0.0980509502440691,0.0
474b9412f33be87076b40a49756662594598a85e,0,0.159165825843811,0.0
4756fa529b2f12b7cb8f21fe229b0f6f47190829,0,0.09873967215418816,0.0
475c58e1a471e9b873e3e39958c64a2d278275c8,0,0.09421089261770246,0.0
475c58e1a471e9b873e3e39958c64a2d278275c8,0,0.09421089261770246,0.0
475c58e1a471e9b873e3e39958c64a2d278275c8,0,0.07921089261770245,0.0
475c58e1a471e9b873e3e39958c64a2d278275c8,0,0.07921089261770245,0.0
478574370bef7951fbd9ef5155537d6cbed49472,0,0.3493611830472946,0.0
478d134e9506c7e9bfe2830ed03dd85e97966313,1,0.14816861897706984,0.0
479b0917e4477f49df2e3be454aac3cfa5dec171,1,0.9174261713027954,1.0
47a9656f168a4b76a1e069ed8a67924ea8c1ac43,1,0.8947890138626098,1.0
47b0c2e4c220f2251fd8dcfbb44479819c715e15,0,0.07438180312514306,0.0
47c29d69212911f50bdcdd0564b5999a559010d4,0,0.1456551921367645,0.0
4811f7af6090e8f5a398fbdd766f903ef6c0d787,0,0.28728108912706374,0.0
483bc08181827fc475643272ffb69c533007e546,0,0.0666745593398809,0.0
485d65e1357123a697c591a5aeb773994b247ad7,0,0.699785133600235,0.5
487c607df790d366e67a7d6a30adf785cdd98e55,1,0.7835518252849578,1.0
488ef44c068e79752dba8eda0b75f524f111a695,0,0.24220255255699155,0.0
488ef44c068e79752dba8eda0b75f524f111a695,0,0.24220255255699155,0.0
488ef44c068e79752dba8eda0b75f524f111a695,0,0.20720255255699155,0.0
488ef44c068e79752dba8eda0b75f524f111a695,0,0.20720255255699155,0.0
48cae940c31d2407d860d87c41d5f9871c0521db,1,0.9445720720291138,1.0
48f091fd50b2eb33ae5eaea9ed3c4f81603acf38,0,0.19245905131101604,0.0
49186a7d9e46ff132a0ed9b721ad6b6a58dba6c1,1,0.5667844974994659,0.5
491aee894a08bc9b8bb52e7363b9d4bc6403f363,0,0.08223065122961995,0.0
492032760127251e5540a5716a70996bacf2a3fd,0,0.30337215334177015,0.0
492032760127251e5540a5716a70996bacf2a3fd,0,0.30337215334177015,0.0
492032760127251e5540a5716a70996bacf2a3fd,0,0.2833721533417701,0.0
492032760127251e5540a5716a70996bacf2a3fd,0,0.2833721533417701,0.0
4961acdd65c956e97c1a000c82d91a8c1cdbe44b,1,0.2817389863729477,0.0
4961acdd65c956e97c1a000c82d91a8c1cdbe44b,1,0.2817389863729477,0.0
4961acdd65c956e97c1a000c82d91a8c1cdbe44b,1,0.3317389863729477,0.0
4961acdd65c956e97c1a000c82d91a8c1cdbe44b,1,0.3317389863729477,0.0
496fd0a26bbf73b6b12407ee4fbe5ff49d659a6d,1,0.8387309467792511,1.0
496fd0a26bbf73b6b12407ee4fbe5ff49d659a6d,1,0.8387309467792511,1.0
496fd0a26bbf73b6b12407ee4fbe5ff49d659a6d,1,0.7987309467792512,1.0
496fd0a26bbf73b6b12407ee4fbe5ff49d659a6d,1,0.7987309467792512,1.0
4987daf86c152ff882d51572d154ad12e4ff3a4b,0,0.09214205764234065,0.0
4987daf86c152ff882d51572d154ad12e4ff3a4b,0,0.09214205764234065,0.0
4987daf86c152ff882d51572d154ad12e4ff3a4b,0,0.07214205764234065,0.0
4987daf86c152ff882d51572d154ad12e4ff3a4b,0,0.07214205764234065,0.0
49ba7b515c4c0719b866d16f068e62d16a8a3dd1,0,0.36834119617939,0.0
49bd54b390c2095708faec9c4d2f9fde4acf2f59,1,0.9455655431747436,1.0
49c47cc21b5b7a3d8deb18fc57b0aa2ab1286962,0,0.34963905096054076,0.5
49db9b1b86a82448dfaf3fcfefcf678dee56c8ed,0,0.5302495455741882,0.5
49db9b1b86a82448dfaf3fcfefcf678dee56c8ed,0,0.5302495455741882,0.5
49db9b1b86a82448dfaf3fcfefcf678dee56c8ed,0,0.5152495455741882,0.5
49db9b1b86a82448dfaf3fcfefcf678dee56c8ed,0,0.5152495455741882,0.5
49ef8832fb1a9e0da0020eb17480fd286433bc13,1,0.9000964033603669,1.0
49ef8832fb1a9e0da0020eb17480fd286433bc13,1,0.9000964033603669,1.0
49ef8832fb1a9e0da0020eb17480fd286433bc13,1,0.9250964033603668,1.0
49ef8832fb1a9e0da0020eb17480fd286433bc13,1,0.9250964033603668,1.0
49f1c68e048f1706b71c8255faf8110113d1cc48,1,0.8922794389724732,1.0
49f683b41f28918df3e51ddc0d928cb2e934ccdb,0,0.09225226923823356,0.0
4a04b4f0de59dd5c621e78f15803ee0b0544eeb8,0,0.1257184180617332,0.0
4a0f07d71b0483cc08c03cefa7c85749e187c214,1,0.1441891938447952,0.0
4a0f07d71b0483cc08c03cefa7c85749e187c214,1,0.1441891938447952,0.0
4a0f07d71b0483cc08c03cefa7c85749e187c214,1,0.1291891938447952,0.0
4a0f07d71b0483cc08c03cefa7c85749e187c214,1,0.1291891938447952,0.0
4a606ce68426c88ff2563382b33cc34f3485fe57,0,0.19351613789796823,0.0
4a625ceee8a0ab0273534cb6b432ce6b331db5ee,0,0.0917144654691219,0.0
4a63bd179fa8d3fcc44a0d9d71d941ddd62f0c4e,0,0.1768327800929546,0.0
4a77c3dead97339478c7422eb07bf4bf63577008,0,0.12011692643165586,0.0
4a95449dd975e2ea6629a034f3e74b46c9634916,0,0.18466201812028885,0.0
4a9800c81d2f34afb66b4b42e0330ae8298019a2,0,0.10447320789098735,0.0
4a9c7bbe2ed4d2b240674b1fb606c41d3940c412,1,0.29750624150037763,0.0
4a9e12ea7e70223555ec010bec9f711089ce96f6,1,0.7071507775783539,1.0
4a9e12ea7e70223555ec010bec9f711089ce96f6,1,0.7071507775783539,1.0
4a9e12ea7e70223555ec010bec9f711089ce96f6,1,0.7271507775783539,1.0
4a9e12ea7e70223555ec010bec9f711089ce96f6,1,0.7271507775783539,1.0
4aa2dcfbad538adf7becd0034a3754e1bd01b2b5,0,0.09583468660712241,0.0
4ab3a086d10eeec1424f2e8a968827a6336203df,0,0.47435712456703183,0.5
4ab68e168ae1695f7c04fae98930740aaf7c50fa,0,0.15448569834232329,0.0
4b081ce0d830b684fdf967abc3696d1261387254,0,0.0947733043320477,0.0
4b4391e77a6bf24cba2ef1590e113d9b73b11039,0,0.4306487965583801,0.5
4b4647add7d3c8530493f7247d11e257ee425bf0,0,0.19930794209241864,0.0
4b7b492615cf3017190f55444f7016812b66611d,0,0.11077873341739175,0.0
4b7b492615cf3017190f55444f7016812b66611d,0,0.11077873341739175,0.0
4b7b492615cf3017190f55444f7016812b66611d,0,0.10577873341739175,0.0
4b7b492615cf3017190f55444f7016812b66611d,0,0.10577873341739175,0.0
4b8e88e563b5f666446d002ad0dc1e6e8e7102b0,0,0.17171278223395345,0.0
4bb95f4535489ed830cf9b34b0a891e384d1aee4,0,0.288568040728569,0.0
4bedf9eee016286c835e3d8fa981ddece5338795,1,0.7939767789840698,1.0
4c0c8cfc8433457ed545e67df0d689d2e0de0746,1,0.9429845416545868,1.0
4c11d30c95576937c6c35e6f29884761f2dddb43,0,0.2910505151748657,0.0
4c2c8f03a5ab7cb04ec64724d7d176d00bcc91e5,0,0.3533264887332916,0.0
4c2e0f764eb4444272cfd2fa4afeb84c453a1a34,1,0.8738923501968383,1.0
4c3f80d22b2eca911143ce656fa45c4699ff5bf4,1,0.4041543084383011,0.0
4c6a08125f2249531ec01783a5f4317d7342add5,0,0.23071675181388857,0.0
4c6a08125f2249531ec01783a5f4317d7342add5,0,0.23071675181388857,0.0
4c6a08125f2249531ec01783a5f4317d7342add5,0,0.20571675181388854,0.0
4c6a08125f2249531ec01783a5f4317d7342add5,0,0.20571675181388854,0.0
4c7f3950a9fd53a62b156c0fe7c3a2c43b0ba19b,0,0.3385549449920654,0.0
4cbc325ed6b4dce4910be06d9d6940a8b919c59b,1,0.7718657219409943,1.0
4cddb0f15ea9c62f81b4889ea69a99368cc63a86,0,0.15701257973909377,0.0
4d0c8d0aef6355660b6775d57ccd5d4ea2e15802,1,0.5533790111541748,0.5
4d0c8d0aef6355660b6775d57ccd5d4ea2e15802,1,0.5533790111541748,0.5
4d0c8d0aef6355660b6775d57ccd5d4ea2e15802,1,0.5383790111541749,0.5
4d0c8d0aef6355660b6775d57ccd5d4ea2e15802,1,0.5383790111541749,0.5
4d159f7884f78b1aacb99b4fc37d1e3cb1194e39,0,0.1836737924814224,0.0
4d56304e5827c8cc8cc18c75343d283af7c4825c,0,0.09657490760087964,0.0
4d7b41c0e43995b0e992b9f8903109275744b658,0,0.2443245080113411,0.0
4db783d68b9b39a411a96096c10828ff5dfada7a,0,0.08295277558267115,0.0
4dc3a3893dae5a7f73e5809273aca0f1f3548d55,0,0.08484060078859325,0.0
4df105f0ce9f6f30cda4e99f577150d23f0c9c5f,0,0.2820890754461288,0.0
4df105f0ce9f6f30cda4e99f577150d23f0c9c5f,0,0.2820890754461288,0.0
4df105f0ce9f6f30cda4e99f577150d23f0c9c5f,0,0.23208907544612883,0.0
4df105f0ce9f6f30cda4e99f577150d23f0c9c5f,0,0.23208907544612883,0.0
4e076c73e4f6e90816b30fcd4a0d7ab365087255,0,0.27227551221847535,0.0
4e13d3a9c25b7080f8a619f961e943fe08c2672c,0,0.056373460069298706,0.0
4e3c51f4e805291b057d12f5dda5aeb50a538dc4,0,0.3223882448673248,0.0
4e5bd3fdbeb3100d1f120999130afb2a7d41d82a,1,0.7941065752506256,1.0
4e7aaa6b82d63e8ddcbfb56b4fd3d014ca586f10,1,0.6725260925292968,1.0
4ea15b56f0810f0d8795d475db1bb74b3a7c1b2f,1,0.8395535588264466,1.0
4eb4e85c4f818491efc67e9373aa16b123c3f522,1,0.12974896997213362,0.0
4ecc24a84d7e0254efd150ec23e0b89638386516,0,0.2365364348888397,0.0
4ed886b187f47447ad559619c48c086f432d2b77,0,0.60467578291893,1.0
4efaa5acf0a1d2b5947f98abb3acf8bfd966422b,0,0.4710119020938873,0.0
4f04351888a83e595571de672e0a4a8b74f4fb31,0,0.1996464818716049,0.0
4f11ada10d0ad3fd53e2bd67806351de63a4f9c3,0,0.14072383195161814,0.0
4f1dc7d9756e66f3f876839ea174df2e656b7f79,0,0.1558158631622791,0.0
4f2a129b33a2054e62273edd5a051c34c08d96e9,0,0.16721657186746594,0.0
4f5d33f4f798b1c6d92b613f0087f639d9836971,0,0.1387382024526596,0.0
4f7e7236435ca0abe005c674ebd6892c6e83aeb3,1,0.4422485446929932,0.5
4f8703fb3482f92edcfd31661857b16fec89c2c0,0,0.2941679382324218,0.0
4f973e211b3b1c6d36f7c6a19239d258856749f9,0,0.1394147779047489,0.0
4f973e211b3b1c6d36f7c6a19239d258856749f9,0,0.1394147779047489,0.0
4f973e211b3b1c6d36f7c6a19239d258856749f9,0,0.11441477790474891,0.0
4f973e211b3b1c6d36f7c6a19239d258856749f9,0,0.11441477790474891,0.0
4f98cf2baf9faee5b6f2f7889dad7c0f7686a787,1,0.9441552877426148,1.0
4fa4302d6dc7de7e8e74dc7405611a2efb4bf54b,0,0.17542395062744615,0.0
4fd19a30701659af5839b7bd19d1f05f05933ebe,1,0.6699680995941162,1.0
4fd19a30701659af5839b7bd19d1f05f05933ebe,1,0.6699680995941162,1.0
4fd19a30701659af5839b7bd19d1f05f05933ebe,1,0.6749680995941162,1.0
4fd19a30701659af5839b7bd19d1f05f05933ebe,1,0.6749680995941162,1.0
5005bcb4219156f1bf7587b185080ec1da08518e,1,0.41363982439041136,0.5
50151b7f1c79a09117837eb95b76c2de76841dab,0,0.5721977543830872,0.5
504a10d9e46bc37b23d0a1ae2f28973c8516e636,0,0.21473466128110885,0.0
505ce0630ad5d31185695f8a29dde8d29f28faa7,0,0.13771063171327108,0.0
505ce0630ad5d31185695f8a29dde8d29f28faa7,0,0.13771063171327108,0.0
505ce0630ad5d31185695f8a29dde8d29f28faa7,0,0.1627106317132711,0.0
505ce0630ad5d31185695f8a29dde8d29f28faa7,0,0.1627106317132711,0.0
506bc1a0d6ba626492c06e5632a3fbe202770fd2,1,0.9653531324863434,1.0
5080808c3339de2220c602ab7c7fa23dc6c1a5a3,0,0.16697770327329636,0.0
5093bbfc10ab6636b32728e35813cbd79feb063c,0,0.15687186852097512,0.0
5093bbfc10ab6636b32728e35813cbd79feb063c,0,0.15687186852097512,0.0
5093bbfc10ab6636b32728e35813cbd79feb063c,0,0.2068718685209751,0.0
5093bbfc10ab6636b32728e35813cbd79feb063c,0,0.2068718685209751,0.0
50b560783f7f71790bcf70e9e9855155fb0af8c1,0,0.2346573543548584,0.0
50b560783f7f71790bcf70e9e9855155fb0af8c1,0,0.2346573543548584,0.0
50b560783f7f71790bcf70e9e9855155fb0af8c1,0,0.2896573543548584,0.0
50b560783f7f71790bcf70e9e9855155fb0af8c1,0,0.2896573543548584,0.0
50c47879650b4c97836a0086632b3a2e300b0f06,0,0.251574404835701,0.0
50d0a7aea4809cef87979d4669911276aa23b71f,0,0.17156424552202226,0.0
50e782a86c980d4f8292ef82ed8139282ca07a98,1,0.38501264750957487,0.0
50e782a86c980d4f8292ef82ed8139282ca07a98,1,0.38501264750957487,0.0
50e782a86c980d4f8292ef82ed8139282ca07a98,1,0.4050126475095749,0.0
50e782a86c980d4f8292ef82ed8139282ca07a98,1,0.4050126475095749,0.0
50ea741def587a64e08879ce6c6a30131f7111e7,0,0.40219269156455995,0.5
5104fdf50d326db2c1a994f8b35dcd46e63ae4ad,0,0.0696960876882076,0.0
5104fdf50d326db2c1a994f8b35dcd46e63ae4ad,0,0.0696960876882076,0.0
5104fdf50d326db2c1a994f8b35dcd46e63ae4ad,0,0.0746960876882076,0.0
5104fdf50d326db2c1a994f8b35dcd46e63ae4ad,0,0.0746960876882076,0.0
517a281338322ff8293f988771c98aaa7205e457,0,0.11668150097131726,0.0
517e6a301f34613bff24a8e35b5455884f2d83d8,1,0.23880937159061433,0.0
519b7e13b5ae8dd38da1e52275705343be6bb508,0,0.08628225475549695,0.0
51b79f33817544e3b4df838d86e8e8e4388ff684,0,0.19318169951438902,0.0
51b79f33817544e3b4df838d86e8e8e4388ff684,0,0.19318169951438902,0.0
51b79f33817544e3b4df838d86e8e8e4388ff684,0,0.188181699514389,0.0
51b79f33817544e3b4df838d86e8e8e4388ff684,0,0.188181699514389,0.0
51d37982bbac3ea0ca21b2797a9cb0044272b3aa,0,0.16034106880426408,0.0
51dfc0a4d609fe700750a62f41447f01b8c9ea50,0,0.13793351531028744,0.0
51fafb3cd7fcf4f4682693b4d2883e2a5bfffe33,0,0.18811089456081392,0.0
51fe6141f0f64ae0bbc096a41a07572273e8c0ef,1,0.8780378317832946,1.0
520778042ccca019f3ffa136dd0ca565c486cedd,0,0.12432098463177679,0.0
52177bbf19e6e9398375a148d2e13ed492b40b80,0,0.19661436319351194,0.0
52177bbf19e6e9398375a148d2e13ed492b40b80,0,0.19661436319351194,0.0
52177bbf19e6e9398375a148d2e13ed492b40b80,0,0.14161436319351195,0.0
52177bbf19e6e9398375a148d2e13ed492b40b80,0,0.14161436319351195,0.0
522018a0de6b6fcce60c04f86dfc5f0e4b6a1b36,0,0.29453924059867853,0.0
52424f974bc53c26ba3f00300a00e9de9afcd972,1,0.7519788825511933,1.0
52526ca7fdb905a768a93f8faa418e9b988fc34b,1,0.8480519139766693,1.0
52526ca7fdb905a768a93f8faa418e9b988fc34b,1,0.8480519139766693,1.0
52526ca7fdb905a768a93f8faa418e9b988fc34b,1,0.8180519139766693,1.0
52526ca7fdb905a768a93f8faa418e9b988fc34b,1,0.8180519139766693,1.0
52531258318ed59a2dc5a43df2eaf0eb1d65438e,0,0.20984356045722963,0.0
525b861a008143048535011f3816d407940f4bfa,0,0.08755225032567976,0.0
525b861a008143048535011f3816d407940f4bfa,0,0.08755225032567976,0.0
525b861a008143048535011f3816d407940f4bfa,0,0.11755225032567976,0.0
525b861a008143048535011f3816d407940f4bfa,0,0.11755225032567976,0.0
5265397f94424eaea596026fd34dc7acf474dcec,1,0.5254633975028992,0.5
526e6ca5d1d5fd22c79033cf5a8eb07d98a11274,1,0.5264612889289856,0.5
528ab3e605cabf2f9c9bd5944d3bfe15f6e94f81,0,0.27457769036293034,0.0
528ab3e605cabf2f9c9bd5944d3bfe15f6e94f81,0,0.27457769036293034,0.0
528ab3e605cabf2f9c9bd5944d3bfe15f6e94f81,0,0.26957769036293033,0.0
528ab3e605cabf2f9c9bd5944d3bfe15f6e94f81,0,0.26957769036293033,0.0
5329aa5101f73c451bcd48deaf3f296685849d9c,1,0.9442517626285554,1.0
5329aa5101f73c451bcd48deaf3f296685849d9c,1,0.9442517626285554,1.0
5329aa5101f73c451bcd48deaf3f296685849d9c,1,0.8842517626285553,1.0
5329aa5101f73c451bcd48deaf3f296685849d9c,1,0.8842517626285553,1.0
5337ac4c9b807bc46baa0713121a0afa8beacd70,1,0.49896295011043545,0.5
5360c67046385f90406ec17e367ba9aeb42d5459,1,0.9435085821151734,1.0
536bb492d39bb6c080c92f31e8a55fe9934f452b,0,0.4187275269627571,0.5
53a3f777049771496f791504e7dc8ef017cba590,0,0.22504214406013484,0.0
53a3f777049771496f791504e7dc8ef017cba590,0,0.22504214406013484,0.0
53a3f777049771496f791504e7dc8ef017cba590,0,0.22004214406013484,0.0
53a3f777049771496f791504e7dc8ef017cba590,0,0.22004214406013484,0.0
53aba458f23846112c0d44239580ff59bc5c36c3,0,0.2107797187566757,0.0
53aba458f23846112c0d44239580ff59bc5c36c3,0,0.2107797187566757,0.0
53aba458f23846112c0d44239580ff59bc5c36c3,0,0.2057797187566757,0.0
53aba458f23846112c0d44239580ff59bc5c36c3,0,0.2057797187566757,0.0
53b54ad074de1896f8b021615f65b27f557ce874,1,0.6153352737426758,1.0
53c87e846e335e3c18044c397cc35178163d7827,0,0.1504120465740561,0.0
53c87e846e335e3c18044c397cc35178163d7827,0,0.1504120465740561,0.0
53c87e846e335e3c18044c397cc35178163d7827,0,0.10041204657405611,0.0
53c87e846e335e3c18044c397cc35178163d7827,0,0.10041204657405611,0.0
53da7aec32982f5ee775b69dce06d63992ce4af3,0,0.19753573060035706,0.0
53dbe08504442dc7ba4865c09b3bbf5fe849681b,0,0.3153877928853035,0.0
53edb549565f55ccd0bdf43be3d66ce4c2d48b28,0,0.08197517534717914,0.0
53edb549565f55ccd0bdf43be3d66ce4c2d48b28,0,0.08197517534717914,0.0
53edb549565f55ccd0bdf43be3d66ce4c2d48b28,0,0.051975175347179145,0.0
53edb549565f55ccd0bdf43be3d66ce4c2d48b28,0,0.051975175347179145,0.0
53f2cb491b500897a619ff6abd72f565933760f0,0,0.038365908637642845,0.0
53f2cb491b500897a619ff6abd72f565933760f0,0,0.038365908637642845,0.0
53f2cb491b500897a619ff6abd72f565933760f0,0,0.06836590863764284,0.0
53f2cb491b500897a619ff6abd72f565933760f0,0,0.06836590863764284,0.0
53ff5cf89142b978b1a5ca8dc4d4425e6a09745f,0,0.290898796916008,0.0
53ff5cf89142b978b1a5ca8dc4d4425e6a09745f,0,0.290898796916008,0.0
53ff5cf89142b978b1a5ca8dc4d4425e6a09745f,0,0.26089879691600804,0.0
53ff5cf89142b978b1a5ca8dc4d4425e6a09745f,0,0.26089879691600804,0.0
53ffa6a9f83b2170c60591da1ead8791d5a42e81,0,0.24075526267290115,0.0
540bf24fba16b88c1b3b9353927204b4f1074e25,0,0.06871454529464245,0.0
541846502f4fe826cd7c16e4784695ac90736585,1,0.8226794850826264,1.0
5447f9708d9e4c17a647b16a9cb29e9e02820bd9,0,0.0917355965822935,0.0
544d163d659d45a206d8929370d5a2984e546cb7,0,0.1363557057082653,0.0
54559642b96116b45e4b5ca7fd9f7835b8561272,0,0.1335627518594265,0.0
54618888d1ea7a26f8bccfb89e3c2420350c8047,1,0.9121933495998382,1.0
546ceb1dfdac866648ec959cbc71d9525bd73462,0,0.08009344846010205,0.0
547713d502f7b4b8efccd409cff84d731a23853b,0,0.24231054425239562,0.0
547713d502f7b4b8efccd409cff84d731a23853b,0,0.24231054425239562,0.0
547713d502f7b4b8efccd409cff84d731a23853b,0,0.30731054425239557,0.0
547713d502f7b4b8efccd409cff84d731a23853b,0,0.30731054425239557,0.0
54a611b605901c7d5d05b6b8f5d04a6ceb0962aa,1,0.6295258045196533,1.0
54aee5f15b83437f23b2b2469bcf21bdd9823916,0,0.12873433768749237,0.0
54aee5f15b83437f23b2b2469bcf21bdd9823916,0,0.12873433768749237,0.0
54aee5f15b83437f23b2b2469bcf21bdd9823916,0,0.09873433768749236,0.0
54aee5f15b83437f23b2b2469bcf21bdd9823916,0,0.09873433768749236,0.0
54c03bfd094fb74f9533a9c28250219afe182382,1,0.16402537286281588,0.0
54da6a0924311c7cf5015533991e44fb8eb12773,1,0.9304635345935822,1.0
54e45702b648b7c0000e90b3e9b890e367e16ea8,0,0.112145449668169,0.0
54e4ada1a4206f878e345ae01cf37347d803d1b1,0,0.4429530417919159,0.5
54f00cce11786742bd11e5e68c3bf85e6dc048c9,1,0.8788800323009491,1.0
54fcc6189dfb822eea984fa2b3e477a02447279d,0,0.11211122542619706,0.0
557d19675a470bb0a98beccec38c5dc3735c20fa,0,0.0847367562353611,0.0
5593473a1e6c743764b08e3b6071cb43b5cfa6c4,0,0.191742230951786,0.0
559c36c5a8d730c49ef805a72b213d3bba155cc8,0,0.08057674914598464,0.0
55fdc1c24a1d6229fe0ecf31335fb9a2eceaaa00,0,0.1428087696433067,0.0
55fdc1c24a1d6229fe0ecf31335fb9a2eceaaa00,0,0.1428087696433067,0.0
55fdc1c24a1d6229fe0ecf31335fb9a2eceaaa00,0,0.1528087696433067,0.0
55fdc1c24a1d6229fe0ecf31335fb9a2eceaaa00,0,0.1528087696433067,0.0
5610bcfe8693c02e2e4c8b31427f1bdbdecc839c,0,0.23667811803519725,0.0
5641c751fe2f92d3d9e8a8e03c1263ac8caa0b42,0,0.741239378452301,1.0
5684ab1a0effbfeb706f47d85785f653005b97b1,1,0.8632988047599792,1.0
5684ab1a0effbfeb706f47d85785f653005b97b1,1,0.8632988047599792,1.0
5684ab1a0effbfeb706f47d85785f653005b97b1,1,0.8682988047599792,1.0
5684ab1a0effbfeb706f47d85785f653005b97b1,1,0.8682988047599792,1.0
56b88b50565cd8b946a2d00b0c83927b7ebb055e,0,0.23581466652452945,0.0
56c134f7f1b58be08bdb0ca8372474a4a5165f31,1,0.9025871670246124,1.0
56d2eeda87995245300836ee4dbd13b002311782,0,0.2661488980054855,0.0
56d2eeda87995245300836ee4dbd13b002311782,0,0.2661488980054855,0.0
56d2eeda87995245300836ee4dbd13b002311782,0,0.2861488980054855,0.0
56d2eeda87995245300836ee4dbd13b002311782,0,0.2861488980054855,0.0
56e449603f0ac580700621a356d35d5716a62ce5,1,0.8785830008983613,1.0
56e449603f0ac580700621a356d35d5716a62ce5,1,0.8785830008983613,1.0
56e449603f0ac580700621a356d35d5716a62ce5,1,0.9085830008983612,1.0
56e449603f0ac580700621a356d35d5716a62ce5,1,0.9085830008983612,1.0
57054fe516d59d03a7bcf1888e82479ccc244f87,0,0.09804975599050521,0.0
5721d4e5a9cdb148f681a004ae5748890a0e2d90,1,0.9093274581432342,1.0
573601521277119f2e2ba5f28ae6e87fc594f4d4,0,0.11665987521409986,0.0
57365a04c92126525a58bf7a1599ddfa832415e9,1,0.8465083587169647,1.0
578fcfd26e2a1d0e687b347057959228567e2af8,1,0.7019630575180054,0.5
57974a55d995468a9a476e24693eb741c649b25f,1,0.9579277884960173,1.0
57e9ce68ae98551da9c161aaab12b41fe8601856,0,0.08208989940583705,0.0
57edfcfd3419b4799353d8cbd6ce49da075cfdbd,1,0.6987932467460632,1.0
580077855a40741cf511766129702d97ff02f4d9,0,0.1710669708997011,0.0
589c6eded10c77a12b7b2cf235b6b19a2bdb91fa,0,0.08618054836988445,0.0
58f7e1e2c9e72c7974054c64c3abeac81c11f822,0,0.16211510837078094,0.0
5934d9a0383619c14df91af8fd76261dc3de2f5f,0,0.14133927553892134,0.0
594e9c04b5864b4b8b151ef4ba9521c59e0f5c54,1,0.8440722024440765,1.0
596b6f081336e77764ca35cfeab66d0fcdbe544e,0,0.11098942831158636,0.0
5982a5392663b30f57ee90b0372c19a7e9cb655a,1,0.2407868754863739,0.0
59a931c5b732ca5fc2ca727f5a72aeabaafa85ec,0,0.14597280442714688,0.0
59ca6c93387d325e96577d8bd4c23c78c1491c11,1,0.774314626455307,1.0
59d438f8e02ca641c58d77e1feffa000ff809e9f,0,0.35030307173728936,0.0
59df44bfb0ca4c3ee1f1c3c5d0ee8e314844799e,0,0.4185887974500656,0.0
59df44bfb0ca4c3ee1f1c3c5d0ee8e314844799e,0,0.4185887974500656,0.0
59df44bfb0ca4c3ee1f1c3c5d0ee8e314844799e,0,0.3135887974500656,0.0
59df44bfb0ca4c3ee1f1c3c5d0ee8e314844799e,0,0.3135887974500656,0.0
59e5791f59dd83e8aa72a4e74217eabb6e8cfd90,0,0.11128300979733466,0.0
59e5791f59dd83e8aa72a4e74217eabb6e8cfd90,0,0.11128300979733466,0.0
59e5791f59dd83e8aa72a4e74217eabb6e8cfd90,0,0.08628300979733465,0.0
59e5791f59dd83e8aa72a4e74217eabb6e8cfd90,0,0.08628300979733465,0.0
5a4d8944d6b1e1aaaa83ea42c116b520b4ed0394,0,0.3217511922121048,0.0
5a507b7d2be15fddb95bf8dee01110b723e2bcd9,0,0.2781056705117225,0.0
5a5095a8bd1bd349cce1c879e5e44407a34dda8a,0,0.24944623470306393,0.0
5a88a3f67e37e39f933b38ebb4985ba5822e9eca,0,0.11300198823213575,0.0
5a90d2c3f5ef87717e54572af8426aba6fdbdaa6,1,0.8577557814121246,1.0
5a95f1ded28691e69f7d6718c5dcbc149613d431,1,0.61964768409729,0.5
5aa1dfcdf0a429e4941e2eef75b006a8c7a8ac49,1,0.8726946091651917,1.0
5aa1dfcdf0a429e4941e2eef75b006a8c7a8ac49,1,0.8726946091651917,1.0
5aa1dfcdf0a429e4941e2eef75b006a8c7a8ac49,1,0.9226946091651916,1.0
5aa1dfcdf0a429e4941e2eef75b006a8c7a8ac49,1,0.9226946091651916,1.0
5abbeebd8296c2301023b8dc4b5a6c0d5229b4f5,0,0.12436487223953005,0.0
5abda7a16698d4d1f47af1168d8fa2c640116b4a,0,0.16846343368291855,0.0
5acc3f971a01be48d5ff4252d8f9cdb87998cdfb,0,0.12582257777452466,0.0
5ad7bbf3dba5c4a684338df1f285080f2588b535,0,0.15289671450853345,0.0
5ae3716cfdcd286268133867f67d0803847acefc,1,0.11039367288351055,0.0
5af757124792817f8eb1bd0c80ad60fab519586b,0,0.27642722398042674,0.0
5b355944b19011011dd3fd4187444c5ff1d76ad2,1,0.8322933471202849,1.0
5b4a79ba65a1ab479903fff2e604865d229b70a9,1,0.3772525930404663,0.0
5bb96c8f9268e2fdb0e5321cbc358ee5941efc15,0,0.2705367923527956,0.0
5c099c4fdc438014d5893629e70a8ba934433ee8,0,0.10587574452161785,0.0
5c0b485a8c6116516f33925b9ce5b6104a6eadfd,0,0.08670717835426331,0.0
5c15c60e7be615f05a45cd905093a54b11f461bc,0,0.19219893485307687,0.0
5c15c60e7be615f05a45cd905093a54b11f461bc,0,0.19219893485307687,0.0
5c15c60e7be615f05a45cd905093a54b11f461bc,0,0.2121989348530769,0.0
5c15c60e7be615f05a45cd905093a54b11f461bc,0,0.2121989348530769,0.0
5c1de37969b7bc0abcb20b86e91e70caebbd4f89,0,0.14622682303190232,0.0
5c2a64252c5dc4cfe78e5b2a531c118894e3d155,1,0.9105694317817687,1.0
5c57b1ccecc72738d4b9be2dfcdfb9001be76bd7,1,0.8808292365074157,1.0
5c57b1ccecc72738d4b9be2dfcdfb9001be76bd7,1,0.8808292365074157,1.0
5c57b1ccecc72738d4b9be2dfcdfb9001be76bd7,1,0.8758292365074158,1.0
5c57b1ccecc72738d4b9be2dfcdfb9001be76bd7,1,0.8758292365074158,1.0
5c75a208c2449c6ea24f07610cc052f6a352246c,1,0.9156417179107665,1.0
5c835bb142d4013c2ab24bff5ae9f6709a39cbcf,0,0.1525538796186447,0.0
5c86919455c1edec99ebd3338ad213b59271a71b,0,0.5283292979001999,0.5
5c86919455c1edec99ebd3338ad213b59271a71b,0,0.5283292979001999,0.5
5c86919455c1edec99ebd3338ad213b59271a71b,0,0.5033292979001999,0.5
5c86919455c1edec99ebd3338ad213b59271a71b,0,0.5033292979001999,0.5
5c9c5d7f26acc2c669c1dcf57d1bb43ee99220ce,0,0.12502889782190318,0.0
5ceac4402f5d975e5a01c806438eb4e554771577,0,0.5635948741436004,0.5
5cf4f52e6d8aa2d3b7728f568abbf9d42a3af252,1,0.8066401660442353,1.0
5cf4f52e6d8aa2d3b7728f568abbf9d42a3af252,1,0.8066401660442353,1.0
5cf4f52e6d8aa2d3b7728f568abbf9d42a3af252,1,0.8166401660442353,1.0
5cf4f52e6d8aa2d3b7728f568abbf9d42a3af252,1,0.8166401660442353,1.0
5d0a8d2fba50e9c07cde4aad7fba28c008b07a5b,1,0.3670943121612072,0.5
5d1935ac02ca5aee364a449a35e2977ea84509b0,0,0.5435684967041016,1.0
5d1935ac02ca5aee364a449a35e2977ea84509b0,0,0.5435684967041016,1.0
5d1935ac02ca5aee364a449a35e2977ea84509b0,0,0.5785684967041016,1.0
5d1935ac02ca5aee364a449a35e2977ea84509b0,0,0.5785684967041016,1.0
5d8213864ade86b48fc492584ea86d65a62f892e,1,0.8663854694366455,1.0
5d8f805789072ea7fd39504694b7bd17e5f751c4,0,0.31962238252162933,0.0
5d92c7c566dc76d96e0e19e481d926bbe6631c1e,0,0.060070692747831306,0.0
5d945cbcd4b16a29d6470a80dfb19738f9a4319f,1,0.953860696554184,1.0
5d9745cead1f121974322b94ceadfb4d1e67960e,0,0.10895276144146915,0.0
5dc615520c4dfb358245680f1904bad61116648e,1,0.9216142904758453,1.0
5e0bf3e8aec2cbc51123f84b29aaacbd91fc56fa,0,0.11027482822537421,0.0
5e2cf333b7bd5d3e62595a44d598a254c697cd74,1,0.41749831795692444,0.5
5e31275cc997f8ec5d9e8d65fe9840ebed89db19,1,0.9535357415676117,1.0
5e31b3df86ec6fbb925eee77fe2c450099c61dff,1,0.8455949831008911,1.0
5e42bcbc3fef6e759dfb4d3f4cfb394c382b4249,1,0.18548293381929395,0.0
5eb178f373b4f16f3b42d55ff88fc94dd95b93b1,0,0.36364968419075006,0.0
5f68718b34a531a556f2f50300ead2862278da26,1,0.9103640091419221,1.0
5fc16fa5f13b3c06fdb959ef262050bd810416a2,0,0.0827320949733257,0.0
5fcf74e002f152db0c39a7cdafa082c952cc5640,1,0.9041894149780274,1.0
5fcf74e002f152db0c39a7cdafa082c952cc5640,1,0.9041894149780274,1.0
5fcf74e002f152db0c39a7cdafa082c952cc5640,1,0.9091894149780274,1.0
5fcf74e002f152db0c39a7cdafa082c952cc5640,1,0.9091894149780274,1.0
60053be859b33f7a381a3f1755db5caffaa3cab8,1,0.5332882070541382,0.5
601be20fc6a1b762044d2398befffd6bf236cebf,0,0.10161013081669805,0.0
6022f210461fef67e6e676fd8544ca02d1bcfa7a,0,0.19575360089540478,0.0
605d9fb9556f8f5fb4566f4df1480f280f308ded,0,0.3457854050397873,0.0
6061302092305a0584aacf0d82a9d5e66653884c,1,0.7680195140838624,1.0
6061302092305a0584aacf0d82a9d5e66653884c,1,0.7680195140838624,1.0
6061302092305a0584aacf0d82a9d5e66653884c,1,0.7830195140838623,1.0
6061302092305a0584aacf0d82a9d5e66653884c,1,0.7830195140838623,1.0
606f6366a35a3329545e38129804d65ef26ed7d2,0,0.17070342570543284,0.0
606f6366a35a3329545e38129804d65ef26ed7d2,0,0.17070342570543284,0.0
606f6366a35a3329545e38129804d65ef26ed7d2,0,0.15570342570543286,0.0
606f6366a35a3329545e38129804d65ef26ed7d2,0,0.15570342570543286,0.0
60c6946675fc06dd2fd2b7a4b6fd1c1f046f1056,1,0.8779507267475128,1.0
60c6946675fc06dd2fd2b7a4b6fd1c1f046f1056,1,0.8779507267475128,1.0
60c6946675fc06dd2fd2b7a4b6fd1c1f046f1056,1,0.8279507267475128,1.0
60c6946675fc06dd2fd2b7a4b6fd1c1f046f1056,1,0.8279507267475128,1.0
60d62757df30b74bf397a2847a6db7385c6ee281,0,0.21109086513519285,0.0
60e034f28600399705d79d4629dddcc301076e54,1,0.8488743150234221,1.0
60e034f28600399705d79d4629dddcc301076e54,1,0.8488743150234221,1.0
60e034f28600399705d79d4629dddcc301076e54,1,0.8138743150234222,1.0
60e034f28600399705d79d4629dddcc301076e54,1,0.8138743150234222,1.0
611792920925fb088ddccbe2783c7f92fdfb6b64,0,0.06899980917572976,0.0
611d5cbc0b35a752e657a83eebadf40d814d006b,0,0.29883789300918573,0.0
61ab751451f5ebd0b98e02276a44e23a10110402,0,0.12368287488818167,0.0
61c1b44a21d70d4783db02198fbf68b132f4953c,1,0.40621618151664735,0.0
61cf1c739f08190a4cbf047b9fbb192a94d87e3f,0,0.0553696348518133,0.0
61e3d993c8bd3e80f8f1363ed5e04f88ab531b72,0,0.22930340260267257,0.0
61e3d993c8bd3e80f8f1363ed5e04f88ab531b72,0,0.22930340260267257,0.0
61e3d993c8bd3e80f8f1363ed5e04f88ab531b72,0,0.21930340260267256,0.0
61e3d993c8bd3e80f8f1363ed5e04f88ab531b72,0,0.21930340260267256,0.0
624820f7c8826dd010e8b1963303c145f99816e9,0,0.05696594431996345,0.0
624820f7c8826dd010e8b1963303c145f99816e9,0,0.05696594431996345,0.0
624820f7c8826dd010e8b1963303c145f99816e9,0,0.05196594431996346,0.0
624820f7c8826dd010e8b1963303c145f99816e9,0,0.05196594431996346,0.0
626dfed5fa3bfb41e0dffd796032b555b69f9cde,0,0.20531430959701535,0.0
627bb528b086b4136315c25d6a447a98ea9448d3,0,0.6478696858882904,1.0
628bd3e49cba1c066228e23d71a852c23e26da73,1,0.9456364071369171,1.0
629913d6d79508b166c66e07e4857e20233d85a9,0,0.4795547580718994,0.0
62a5f689a068951de5ed8487ec7f0de52245bd92,1,0.8240427541732789,1.0
62ce44c4fff947eebdf10bb582267e686e6835c9,0,0.050111198648810355,0.0
630168a97314a8f6da9c09d73f5e78c3c1fe3eee,1,0.9757950413227081,1.0
630482ee0653decf9e2482ac6181897eb6cde5b8,0,0.17800037682056424,0.0
631a4b3ddc7831b20442c59c28b0476d0704c9af,0,0.10667846545577045,0.0
63264422785021704c39b38f65a78ab9e4a186d7,0,0.17230021774768828,0.0
6326c26c1514757242829b292b26eac589013200,1,0.8661266827583314,1.0
634f1a7110b439c65fd8a809171c1d2d28bcea6f,1,0.9500968372821808,1.0
6386682cdc8b41319c92fbbe421953e33a28840c,0,0.3271730375289917,0.5
63c14ae6c161dec8ff3be49277edc75a769e054a,1,0.9181819283962249,1.0
63d20a94f24fc1cbaf44d0e7c0e0a8077fde0aef,0,0.1627311712503433,0.0
63e37a79f7bd939314997e29c2f5a9f0ef184281,0,0.1111118301749229,0.0
63e44bc52047f182601e7817da969a105aa1f721,0,0.3299350726604462,0.5
63e44bc52047f182601e7817da969a105aa1f721,0,0.3299350726604462,0.5
63e44bc52047f182601e7817da969a105aa1f721,0,0.3099350726604462,0.5
63e44bc52047f182601e7817da969a105aa1f721,0,0.3099350726604462,0.5
6411959c10fe917288cbb1038886999148560057,0,0.24919251322746275,0.0
6411959c10fe917288cbb1038886999148560057,0,0.24919251322746275,0.0
6411959c10fe917288cbb1038886999148560057,0,0.25919251322746273,0.0
6411959c10fe917288cbb1038886999148560057,0,0.25919251322746273,0.0
642f89daa34567d02f312d03e41523a894906dae,0,0.0878199976682663,0.0
6434b33faaa063df500af355ee6c3942e0f8d982,0,0.0942397105693817,0.0
643a16a0eb1d6ac23744bb6e90a00fc21148a9dc,0,0.4492932051420212,0.5
645f3d85129d8aac3b896ba685fbc20a31c2c036,1,0.8841319012641906,1.0
645f3d85129d8aac3b896ba685fbc20a31c2c036,1,0.8841319012641906,1.0
645f3d85129d8aac3b896ba685fbc20a31c2c036,1,0.8741319012641906,1.0
645f3d85129d8aac3b896ba685fbc20a31c2c036,1,0.8741319012641906,1.0
648fea12847695d60ddeebea86597114885ee76e,1,0.8827541399002075,1.0
64933ab7b04881c6c18b21ff206c12278341c72e,0,0.16209724515676496,0.0
64933ab7b04881c6c18b21ff206c12278341c72e,0,0.16209724515676496,0.0
64933ab7b04881c6c18b21ff206c12278341c72e,0,0.16709724515676494,0.0
64933ab7b04881c6c18b21ff206c12278341c72e,0,0.16709724515676494,0.0
64c8902ed4418317cd416c566f896bd4a92b2efc,1,0.9421161425113678,1.0
64d2c847ba380e07b9072d65a50aa6469d2aa43f,0,0.21797752037644386,0.0
64e64e6c18c6bc7767ea6f2762c87c9ac981f2d1,1,0.813169801235199,1.0
65138eb72e1fc687be49932b9a45325598ffa01c,1,0.9922747266292572,1.0
65371a3f14e73979958aea0db1e3bb456a296149,1,0.7319922828674317,1.0
655b86e52eacdce79c2e02c5ec7258a97fcc2e4a,1,0.5728730583190917,1.0
657b5146955eba331e01b9a6ae89ce2e716ba306,0,0.23187703520059585,0.0
6598afa9320b6ab13041616950ca5f8f938c0cf1,0,0.42433817744255065,0.0
65ade5653f5ab5a21635e51d0c65e95f490f5b6f,0,0.18851983189582824,0.0
6601fc0d15ffc20654e39486f9bef35567106d68,0,0.27088148653507227,0.0
660eba5af0ddf80f04efd970a63958d23c4d1052,1,0.9784392273426056,1.0
662404b24a4c4d839839ed25e3097571f5938b9b,1,0.5666525077819824,0.5
6637e11e4ad22ff03183da0dbd36d65c98b81cf7,1,0.5501441484689713,0.5
66637ab137b44914356a9dc7a9b3f8ebcf0b0695,1,0.512762109041214,0.5
66b2c338adce580dfce2199591e65e2bab889cff,0,0.12555061787366867,0.0
66be40e622e177316ae81717aa30057ba9e61dff,0,0.1462846767902374,0.0
66d9111f3517f85ef2af0337ece02683ce0faf21,0,0.16583364099264145,0.0
66d9111f3517f85ef2af0337ece02683ce0faf21,0,0.16583364099264145,0.0
66d9111f3517f85ef2af0337ece02683ce0faf21,0,0.13083364099264144,0.0
66d9111f3517f85ef2af0337ece02683ce0faf21,0,0.13083364099264144,0.0
66edf3fb331b6c55439b10f9862987b0916b3726,0,0.0736520992964506,0.0
6709d4b7bc2e079241fdef15d1160581c5261c10,1,0.5405610388517379,0.5
670da29faf5ff160043a1f02e6ac2ed8345b5d7e,1,0.695041776895523,0.5
670da29faf5ff160043a1f02e6ac2ed8345b5d7e,1,0.695041776895523,0.5
670da29faf5ff160043a1f02e6ac2ed8345b5d7e,1,0.695041776895523,0.5
670da29faf5ff160043a1f02e6ac2ed8345b5d7e,1,0.695041776895523,0.5
673f816b9e1e92d1f70e1bf5f21b531e0ff9ad6c,0,0.41876650691032413,0.5
67420501e8681ae18f9f0ea0a69cd2f432100e70,1,0.8942679965496063,1.0
67420501e8681ae18f9f0ea0a69cd2f432100e70,1,0.8942679965496063,1.0
67420501e8681ae18f9f0ea0a69cd2f432100e70,1,0.8792679965496063,1.0
67420501e8681ae18f9f0ea0a69cd2f432100e70,1,0.8792679965496063,1.0
6769a0b7ee0c3b31e1b22c3fadff2bfb642de23f,0,0.5515693992376327,0.5
6788ba8aed4e28e90f72d68a9d794e34eac17295,0,0.0799789275601506,0.0
67c37756898a5a6b2941a13ae7260c89b54e0d88,0,0.1127190917730331,0.0
67d7d8ad99beccd9fe92d585b87f1760dc9018e3,0,0.0951307737827301,0.0
67fa83f7c86a86913ab9cd5a13b4bebd8d2ebb43,1,0.9358101403713226,1.0
67fa83f7c86a86913ab9cd5a13b4bebd8d2ebb43,1,0.9358101403713226,1.0
67fa83f7c86a86913ab9cd5a13b4bebd8d2ebb43,1,0.9508101403713225,1.0
67fa83f7c86a86913ab9cd5a13b4bebd8d2ebb43,1,0.9508101403713225,1.0
67ff3d0a49f3d445c3922e30a54e03c161da561e,0,0.04747668161988255,0.0
680e126ec0400f6daecf0510c5bb97a55779ff03,0,0.244179772734642,0.0
683412ccf61294d727ead4a73d97397396e69a6b,0,0.7672503387928009,1.0
68594cec291ff9523b9feb3f43fd853dcddd1f60,0,0.12246258050203321,0.0
685d03c3795378fca6a1b3d43581f7f1a3fc095f,0,0.7669767045974731,1.0
687125b5799cd5120437fa455cfccbe8537916ff,1,0.7535179054737091,1.0
6879b2e94172ed80394dd49d410814ad427d1ca0,1,0.9346555495262145,1.0
6879b2e94172ed80394dd49d410814ad427d1ca0,1,0.9346555495262145,1.0
6879b2e94172ed80394dd49d410814ad427d1ca0,1,0.9546555495262146,1.0
6879b2e94172ed80394dd49d410814ad427d1ca0,1,0.9546555495262146,1.0
687fe329f18ab0ab0496b20ed2cb003d4879d931,0,0.16210927367210387,0.0
689c5421bfe0eac65526bd97a466b9590a6aad3c,1,0.30302063941955565,0.0
68e14569d7e5a1798fcbfd945022a4de86f944a0,1,0.8245149946212769,1.0
68e6939ea9ec3d6579eadeab16060339cdeaf940,1,0.6871598374843598,0.5
68e6939ea9ec3d6579eadeab16060339cdeaf940,1,0.6871598374843598,0.5
68e6939ea9ec3d6579eadeab16060339cdeaf940,1,0.6621598374843598,0.5
68e6939ea9ec3d6579eadeab16060339cdeaf940,1,0.6621598374843598,0.5
690b2549b19563ec5ad53e5c82f6a944d910086e,0,0.07410510718822474,0.0
6921ed9049bc7457f66c1596c5b78aec0dae4a9d,0,0.1611928269267082,0.0
692aa7a54b2b28d59f24b3bf8250837805484b99,0,0.1673442667722702,0.0
693d41f7c938f92d881e6a51525e6c132a186afd,1,0.3046943190693855,0.0
69403bad97aa0162e3d7911b27e25abe774093df,0,0.13684734508395197,0.0
69bd216e049349886405b1c87a55dce3d35d1ba7,0,0.1819312672317028,0.0
69bd216e049349886405b1c87a55dce3d35d1ba7,0,0.1819312672317028,0.0
69bd216e049349886405b1c87a55dce3d35d1ba7,0,0.1069312672317028,0.0
69bd216e049349886405b1c87a55dce3d35d1ba7,0,0.1069312672317028,0.0
69bef19d6b9700e96285f4b4e28691cda3dcd0d1,0,0.15758549176156522,0.0
69c3c023af25edb5433a2db824d3e7cc328f0183,1,0.7995216870307922,1.0
69c7b2fe4c9cc1d3b1186d1c5606627ecf0de883,0,0.14047983825206756,0.0
6a02a61e81c231cc5c680c5dbf8665275147ac52,0,0.0549710905924439,0.0
6a50c9b512f7734bc356f4bd47885a6f7c98491a,0,0.37939243197441097,0.0
6ab55ec0a938c7f943a4edba3d6514f775983887,1,0.2315598464012146,0.0
6ac07883dbb5f60f7bc56a13b7a84a382aa9c1ab,1,0.81505047082901,1.0
6ac07883dbb5f60f7bc56a13b7a84a382aa9c1ab,1,0.81505047082901,1.0
6ac07883dbb5f60f7bc56a13b7a84a382aa9c1ab,1,0.8100504708290099,1.0
6ac07883dbb5f60f7bc56a13b7a84a382aa9c1ab,1,0.8100504708290099,1.0
6af289746a636f71f4c0535a9801774118486c7a,0,0.2989481219649314,0.0
6af289746a636f71f4c0535a9801774118486c7a,0,0.2989481219649314,0.0
6af289746a636f71f4c0535a9801774118486c7a,0,0.18394812196493146,0.0
6af289746a636f71f4c0535a9801774118486c7a,0,0.18394812196493146,0.0
6afc57ea315e0f660b1f870a681737bb7b71faef,0,0.11017067328095435,0.0
6afc57ea315e0f660b1f870a681737bb7b71faef,0,0.11017067328095435,0.0
6afc57ea315e0f660b1f870a681737bb7b71faef,0,0.08517067328095435,0.0
6afc57ea315e0f660b1f870a681737bb7b71faef,0,0.08517067328095435,0.0
6b04456e248761cf68f562f2fd7c04e591fcac94,0,0.12115261524915695,0.0
6b4a64bafd107e521c01eec3453ce94a3fb38529,0,0.6372133266925811,0.5
6b4a64bafd107e521c01eec3453ce94a3fb38529,0,0.6372133266925811,0.5
6b4a64bafd107e521c01eec3453ce94a3fb38529,0,0.6422133266925811,0.5
6b4a64bafd107e521c01eec3453ce94a3fb38529,0,0.6422133266925811,0.5
6b4db2e528f650c7fb712961aac36455468d5902,0,0.08500253088772296,0.0
6b6bc5b8bd2d4ca9e1efa9ae0f98a0b0687ace75,0,0.1175374349951744,0.0
6b75bd3d036745b9be30917909f03602099adbdb,1,0.903453620672226,1.0
6b80b59b3555706508008f1f127b5412c89c7fd8,1,0.7907899141311646,1.0
6bd23e0c2bb6c65d4f5754d1456bc9a4427fc59b,0,0.5093762558698653,0.5
6bef98bafd82903a8d461463f9594f19f1fd6a85,0,0.1271751050651073,0.0
6bf32599223634294cdc6efb359ffaab1d68073c,1,0.9020737040042877,1.0
6bf999e0eb41850d5c857102535d5c53b2ede224,1,0.9398620843887329,1.0
6bf999e0eb41850d5c857102535d5c53b2ede224,1,0.9398620843887329,1.0
6bf999e0eb41850d5c857102535d5c53b2ede224,1,0.9398620843887329,1.0
6bf999e0eb41850d5c857102535d5c53b2ede224,1,0.9398620843887329,1.0
6c3211796326a9d35618b866826ca556c8f008a8,1,0.959603728055954,1.0
6c57d7b593c4a4e60db65d5ce0fe1d9f79ccbe9b,0,0.1797652968764305,0.0
6c57d7b593c4a4e60db65d5ce0fe1d9f79ccbe9b,0,0.1797652968764305,0.0
6c57d7b593c4a4e60db65d5ce0fe1d9f79ccbe9b,0,0.19476529687643052,0.0
6c57d7b593c4a4e60db65d5ce0fe1d9f79ccbe9b,0,0.19476529687643052,0.0
6cd4a78d962bebbaf8beb7d2ead3f34120e3f7b2,0,0.0692445048689842,0.0
6cd88243c7e03845a450795e134b488fc2afb736,0,0.4037443047761917,0.5
6ce9efd12ae81cf46bf44eb0348594558dfbb9d2,0,0.16129775658249856,0.0
6d3581edffea0b3a64b0d3094d3f09222e0024f7,0,0.7603037536144256,1.0
6d3c721e686ea6c59e18289b400cc95c76e927e0,0,0.0630456946790218,0.0
6d411c8ccc0137a612e0044489030a194ff5c843,0,0.1232363615557551,0.0
6d745cd0e9720282cd291d36b9db528aea18add2,0,0.2022183507680893,0.0
6da6680632792709cecf2b006f2fe3ca7857e791,0,0.5994050753116608,0.5
6de426f9276c448e2db7238911c97fb157cb23be,0,0.34167653679847715,0.0
6de426f9276c448e2db7238911c97fb157cb23be,0,0.34167653679847715,0.0
6de426f9276c448e2db7238911c97fb157cb23be,0,0.24167653679847714,0.0
6de426f9276c448e2db7238911c97fb157cb23be,0,0.24167653679847714,0.0
6df7f764cd3cf5a03a4a47b23be47e57e41fcd85,1,0.42550926506519315,0.0
6e099264185d05f50400ea494f5029264a4fe995,1,0.9492344772815704,1.0
6e5aedb9324aab1c14a23fae3d8eeb64a679c20e,1,0.21377971485257147,0.0
6e5e6d274956305f1fc0340522b38f5f5be74bdb,0,0.8687149477005005,1.0
6e5e6d274956305f1fc0340522b38f5f5be74bdb,0,0.8687149477005005,1.0
6e5e6d274956305f1fc0340522b38f5f5be74bdb,0,0.8737149477005005,1.0
6e5e6d274956305f1fc0340522b38f5f5be74bdb,0,0.8737149477005005,1.0
6e890c5d5021ca7e69bbe203fde42447874d9a82,1,0.8231537652015686,1.0
6eaf41e87a223ae6f8e7a28d6e78384ad7e407f8,0,0.13364863142371175,0.0
6ebbe97a488179f5dc85f2f1e0c89b486e99ee97,0,0.4514602279663086,0.0
6ef09cdc5ba0f93826c09d810c141a8d103a80fc,0,0.1801084521412849,0.0
6f20d3261265885f6a6be4cda49d7019728760e0,1,0.10019501864910124,0.0
6f4833383e8514ea796d094e05c24889b8997fde,1,0.01616360817104575,0.0
6f4d93b78ade0a4c2cafd587f7b429ce95abb02e,0,0.1422100644558668,0.0
6f64f866aa1ae6975c95d805ed51d7e9433a0016,1,0.20489465177059168,0.0
6f64f866aa1ae6975c95d805ed51d7e9433a0016,1,0.20489465177059168,0.0
6f64f866aa1ae6975c95d805ed51d7e9433a0016,1,0.23989465177059172,0.0
6f64f866aa1ae6975c95d805ed51d7e9433a0016,1,0.23989465177059172,0.0
6f6583e58d1ddf3c46e25ed756e6d5c8277968ee,1,0.6326870584487916,1.0
6f6583e58d1ddf3c46e25ed756e6d5c8277968ee,1,0.6326870584487916,1.0
6f6583e58d1ddf3c46e25ed756e6d5c8277968ee,1,0.5926870584487915,1.0
6f6583e58d1ddf3c46e25ed756e6d5c8277968ee,1,0.5926870584487915,1.0
6f861765464f43a71462d52026fbddfc858239a5,0,0.44160409808158874,0.5
6f861765464f43a71462d52026fbddfc858239a5,0,0.44160409808158874,0.5
6f861765464f43a71462d52026fbddfc858239a5,0,0.45660409808158875,0.5
6f861765464f43a71462d52026fbddfc858239a5,0,0.45660409808158875,0.5
6f8b7565cca4b745da54b7d5f26b7b9265a5f330,1,0.7060605049133301,0.5
6fb15dcbcf4f212930350eaee174bb60ed40a536,0,0.20666865825653075,0.0
6fcd486b3a0a628c41f12b3a7329a18a2c74b351,1,0.8434766042232513,1.0
6fd1d51cfa253b5ee7dae18d7cf1df830e9b6137,1,0.871451143026352,1.0
6feb37b3b06e9049e20dcf7e23998f92c9c5be9a,0,0.15655190259218216,0.0
702d4930eb06dcfda85a2fa67e8a1a27bfa2a845,0,0.5062260234355926,0.5
703c13fe3c9af557d312f5895ed6a5fda2711104,0,0.11111710049211974,0.0
705318a99a138c29a512a72c3e0043b3cd7f55f4,0,0.24248091012239453,0.0
705318a99a138c29a512a72c3e0043b3cd7f55f4,0,0.24248091012239453,0.0
705318a99a138c29a512a72c3e0043b3cd7f55f4,0,0.26248091012239455,0.0
705318a99a138c29a512a72c3e0043b3cd7f55f4,0,0.26248091012239455,0.0
7063b80268e2593e58bee8a8d709c2f3ff93e2f2,0,0.0710586134344339,0.0
709c348261618da7ed89d6c303e2ceb9e453ba74,0,0.3132124400138855,0.0
709c348261618da7ed89d6c303e2ceb9e453ba74,0,0.3132124400138855,0.0
709c348261618da7ed89d6c303e2ceb9e453ba74,0,0.3132124400138855,0.0
709c348261618da7ed89d6c303e2ceb9e453ba74,0,0.3132124400138855,0.0
70bd03b89f20b9bbe51a7f73c4950565a17a45f7,0,0.1795407584309578,0.0
70f08f914a37a0881a7f17068e03ff5a5024822d,1,0.8647642171382903,1.0
7108b80a542b9d65e44b36d64a700a83658c0b73,1,0.5119368398189544,0.5
711f8c3fb3db61897080468586b970c87c61d9e4,0,0.26978738233447075,0.0
71644dff481180ba024ac4f5cb1f068756357adf,1,0.9354679536819458,1.0
71b547f561247897a0a14f3082730156c0533fed,0,0.1877416105568409,0.0
71dc9ec9ac7d3eee785cdc986c3daeb821381e20,1,0.9089360809326172,1.0
71eb6b6b0ba93b1467bccff57b5de746b09113d2,1,0.7684207689762115,1.0
71eb6b6b0ba93b1467bccff57b5de746b09113d2,1,0.7684207689762115,1.0
71eb6b6b0ba93b1467bccff57b5de746b09113d2,1,0.7334207689762116,1.0
71eb6b6b0ba93b1467bccff57b5de746b09113d2,1,0.7334207689762116,1.0
720344340fb9be2765bbaab7b292ece0a4570eae,1,0.40010396122932435,0.5
721255b9826bd11c7a38b585905fc2dd0fb94e52,1,0.7839376509189606,1.0
724d8042cef84496ddb4492dc120291f997ae26b,0,0.1892914208769798,0.0
7269cba53d906cf257c139d3b3a53ad272176bca,1,0.3621373307704926,0.0
7269cba53d906cf257c139d3b3a53ad272176bca,1,0.3621373307704926,0.0
7269cba53d906cf257c139d3b3a53ad272176bca,1,0.4071373307704925,0.0
7269cba53d906cf257c139d3b3a53ad272176bca,1,0.4071373307704925,0.0
72840cccc0a1a0a0dc1bb27b669a9111be6d0f6a,1,0.8709351909160614,1.0
72d95924ee35c8cd16ef52f912483ee938a34d49,0,0.7466777849197388,1.0
72fa6f7820c4cf96c5f7aabc4e54bdf52d1e2ac2,1,0.8333328068256378,1.0
73254a297c2dd094abec7c9efee32455ae875bdf,0,0.12212009757757186,0.0
73572984481907d92673255b494c0ff4f77c8ed4,1,0.9655141890048979,1.0
73671c3162c83a689342fd57f00b5f261682e49b,1,0.9252458584308625,1.0
73671c3162c83a689342fd57f00b5f261682e49b,1,0.9252458584308625,1.0
73671c3162c83a689342fd57f00b5f261682e49b,1,0.9302458584308624,1.0
73671c3162c83a689342fd57f00b5f261682e49b,1,0.9302458584308624,1.0
7373a51e7998b508af7136530f3a997b286ce81c,0,0.07466245669871564,0.0
739790605705ddcf18f21782b9c99ad7d53a8c11,0,0.1173219396173954,0.0
73c3ed7495c67b8fbdc31cf58e6ca8757df31a33,0,0.2459439754486084,0.0
744a56389f7398f286231e062c2e63f0de01bcc6,1,0.2055569440126419,0.0
74736103fb4123c71bf11fb7a6abe7c884c5269e,0,0.05372930489480496,0.0
747a69a119c469121385543f21c2d08562968ccc,0,0.2064827814698219,0.0
74c2f81054510d45b813548cb0a1c4ebf87cdd5f,0,0.0659295507520437,0.0
74c5b85da75475c73a8f040397610fbfcc2c3e78,1,0.974124948978424,1.0
74e19ef0ff8061ef55957c3abd71614ef0f42f47,0,0.583608061671257,0.5
74ecdda68242b174920fe7c6133a856fb7d8559b,0,0.5066555941104889,0.5
74ecdda68242b174920fe7c6133a856fb7d8559b,0,0.5066555941104889,0.5
74ecdda68242b174920fe7c6133a856fb7d8559b,0,0.586655594110489,1.0
74ecdda68242b174920fe7c6133a856fb7d8559b,0,0.586655594110489,1.0
74f6f5912693ce454384eaeec48705646a21c74f,1,0.0946552303433418,0.0
75181406b4eafacc531ff2ee5fb032bd93317e2b,0,0.1262777397036552,0.0
75333d48f92256a0dec91dbf07835e804fc411c0,0,0.3034103661775589,0.0
7554886daa31eacc8e7fac9e15bbce67d10b8f1f,1,0.4063852232694626,0.0
75961ffb5cb3e5196f19cae7683f35cc88b50800,0,0.0632645039260387,0.0
759e7a2b62eb3ef3c93ffeb5cca788a09627d7d9,1,0.3784272253513336,0.5
759e7a2b62eb3ef3c93ffeb5cca788a09627d7d9,1,0.3784272253513336,0.5
759e7a2b62eb3ef3c93ffeb5cca788a09627d7d9,1,0.3934272253513336,0.5
759e7a2b62eb3ef3c93ffeb5cca788a09627d7d9,1,0.3934272253513336,0.5
75a5221630fe5aa3fedba7a06be618db0f79ba1e,0,0.15938074097037314,0.0
75a5221630fe5aa3fedba7a06be618db0f79ba1e,0,0.15938074097037314,0.0
75a5221630fe5aa3fedba7a06be618db0f79ba1e,0,0.13938074097037315,0.0
75a5221630fe5aa3fedba7a06be618db0f79ba1e,0,0.13938074097037315,0.0
75ad80ed88a182ab2ad5513e448cf07b403af5c3,0,0.0859094105660915,0.0
75ad80ed88a182ab2ad5513e448cf07b403af5c3,0,0.0859094105660915,0.0
75ad80ed88a182ab2ad5513e448cf07b403af5c3,0,0.0909094105660915,0.0
75ad80ed88a182ab2ad5513e448cf07b403af5c3,0,0.0909094105660915,0.0
760efbca74a405dc439a013a5efaa9fadc95a8c3,0,0.4408517587184906,0.5
760efbca74a405dc439a013a5efaa9fadc95a8c3,0,0.4408517587184906,0.5
760efbca74a405dc439a013a5efaa9fadc95a8c3,0,0.4208517587184906,0.5
760efbca74a405dc439a013a5efaa9fadc95a8c3,0,0.4208517587184906,0.5
7625926086765123251f765d91fc3a70617d334d,1,0.24228452831506725,0.0
7633355e5c7f29c049a9048e461427d1d8ed3051,0,0.12402016684412955,0.0
7644b1a1c9a7ae8ab99175989bfc8676055edb46,0,0.2022197990119457,0.0
7644b1a1c9a7ae8ab99175989bfc8676055edb46,0,0.2022197990119457,0.0
7644b1a1c9a7ae8ab99175989bfc8676055edb46,0,0.1822197990119457,0.0
7644b1a1c9a7ae8ab99175989bfc8676055edb46,0,0.1822197990119457,0.0
764f4eb6846f5475f1244767d24d25dd86528a4a,0,0.09846798568963999,0.0
7663d522099ecc464512164e660bc771b2ff7b64,1,0.680334597826004,1.0
7663d522099ecc464512164e660bc771b2ff7b64,1,0.680334597826004,1.0
7663d522099ecc464512164e660bc771b2ff7b64,1,0.6053345978260041,1.0
7663d522099ecc464512164e660bc771b2ff7b64,1,0.6053345978260041,1.0
768d612f79822d30a1e7d132a4d4b05337ce42ec,0,0.2621543754637241,0.0
76a2c5df6ca8bd8ada45e953b8c72b746f42918d,0,0.4071301233768463,0.0
76a2c5df6ca8bd8ada45e953b8c72b746f42918d,0,0.4071301233768463,0.0
76a2c5df6ca8bd8ada45e953b8c72b746f42918d,0,0.4971301233768463,0.5
76a2c5df6ca8bd8ada45e953b8c72b746f42918d,0,0.4971301233768463,0.5
76ca8da989c7d97a7f76c75d475fe95a584439d7,0,0.30526690065860745,0.0
76e42ae831991c828cffa8c37736ebfb831ad5ec,0,0.07503327198326584,0.0
76e43fa6a456787bad31b8d0daeabda27351a480,0,0.19149577200412748,0.0
76efc2453d0e8e5d6692ef69981b183ad674edea,1,0.5415624117851257,1.0
76f480d7c717368f29a3870f7d64471ce0ff8fb2,0,0.09517884306609631,0.0
776ecb46ff2a6763038fe744f5be5bac08b36003,1,0.9369781732559204,1.0
776ecb46ff2a6763038fe744f5be5bac08b36003,1,0.9369781732559204,1.0
776ecb46ff2a6763038fe744f5be5bac08b36003,1,0.9319781732559205,1.0
776ecb46ff2a6763038fe744f5be5bac08b36003,1,0.9319781732559205,1.0
7781607938c8371d4c2b243527430241c62e39c2,0,0.19847280740737916,0.0
778b878543f05ddf11843cd44ba9b1e775216fc0,1,0.7103873622417449,1.0
778e3979c5dc9cbdb5d1b92afed427de6bc483b4,0,0.4695193088054657,0.5
77972a36ecc4db7fc7c68f0e80714263c5f03f65,0,0.17932124808430672,0.0
7816e58967d0e6cadce05c8540b47ed027dc2499,0,0.07371245518326755,0.0
782161895eb4ac45cf7cfa8db375bd4766cb8299,0,0.0928517024219036,0.0
7838de15bb700c2898a7d741db9b1f3cbc86c136,0,0.1194412912428379,0.0
788c6e2ce5c74c0a22d4e44cca348c8458b3f01d,1,0.8645529448986053,1.0
78a033433a5ae4fee85511ee075bc9a48312c79e,0,0.4142770779132843,0.5
78aafb3884f6bc6636efcc1760c891c8500b9922,0,0.29055482149124146,0.0
78aafb3884f6bc6636efcc1760c891c8500b9922,0,0.29055482149124146,0.0
78aafb3884f6bc6636efcc1760c891c8500b9922,0,0.27055482149124144,0.0
78aafb3884f6bc6636efcc1760c891c8500b9922,0,0.27055482149124144,0.0
78b7b13f07a3ca16c03aa8bf63f51d6780e8e9e1,1,0.7247518479824067,1.0
78b7b13f07a3ca16c03aa8bf63f51d6780e8e9e1,1,0.7247518479824067,1.0
78b7b13f07a3ca16c03aa8bf63f51d6780e8e9e1,1,0.7147518479824067,1.0
78b7b13f07a3ca16c03aa8bf63f51d6780e8e9e1,1,0.7147518479824067,1.0
78cfd17142ef70599d6409cbd709d94b3da58659,0,0.10947233363986016,0.0
78d60dae9a0c9f09aa3d6477c94047df2fe6f7b0,0,0.14240992784500123,0.0
78d60dae9a0c9f09aa3d6477c94047df2fe6f7b0,0,0.14240992784500123,0.0
78d60dae9a0c9f09aa3d6477c94047df2fe6f7b0,0,0.1724099278450012,0.0
78d60dae9a0c9f09aa3d6477c94047df2fe6f7b0,0,0.1724099278450012,0.0
7931d32955e09d0a11b1fe0b6aac1bfa061c005c,0,0.41887109994888305,0.0
7931e28098a4c1a2a6802510b0cbe57546d2049d,0,0.29510128557682036,0.0
7937609cd387246aed994e81aa4fa951358fba41,0,0.093235621266067,0.0
7937609cd387246aed994e81aa4fa951358fba41,0,0.093235621266067,0.0
7937609cd387246aed994e81aa4fa951358fba41,0,0.088235621266067,0.0
7937609cd387246aed994e81aa4fa951358fba41,0,0.088235621266067,0.0
793e6612deea5cf8117100b1d47754800b24dcfa,1,0.7425483226776123,1.0
793e6612deea5cf8117100b1d47754800b24dcfa,1,0.7425483226776123,1.0
793e6612deea5cf8117100b1d47754800b24dcfa,1,0.7225483226776124,1.0
793e6612deea5cf8117100b1d47754800b24dcfa,1,0.7225483226776124,1.0
79625f45ca73ef37c18a6e4b5b6ce7daa1e92683,1,0.9901800704002379,1.0
79636caad3618e2b38457f6e298c9b31ba82b489,1,0.9229376482963563,1.0
7966f319c66d9468623c6a6a017ecbc0dd79be75,1,0.9458784472942352,1.0
7966f319c66d9468623c6a6a017ecbc0dd79be75,1,0.9458784472942352,1.0
7966f319c66d9468623c6a6a017ecbc0dd79be75,1,0.9558784472942352,1.0
7966f319c66d9468623c6a6a017ecbc0dd79be75,1,0.9558784472942352,1.0
797805d81baa814f76cf7bdab35f86408a79d707,0,0.1092431557178497,0.0
799684448e3e1f57257a6155541e53510488f67b,1,0.9591300153732301,1.0
7997eff82828304b780dc0a39707e1946d6f1ebf,1,0.3241187071800232,0.0
799d4b392417ed6889030a5b2335ccb6dcf030ab,0,0.22188616573810574,0.0
79eeab1d85e0fee4c0bc36f3b6ddf3920f39f74b,0,0.2096361009776592,0.0
79f18a41dd056115d685f3b0a419c7cd40055e13,0,0.06376774117350575,0.0
7a2464fac80d42f6f8819fed97a553e9c2f43310,0,0.2797534042596817,0.0
7a2464fac80d42f6f8819fed97a553e9c2f43310,0,0.2797534042596817,0.0
7a2464fac80d42f6f8819fed97a553e9c2f43310,0,0.2697534042596817,0.0
7a2464fac80d42f6f8819fed97a553e9c2f43310,0,0.2697534042596817,0.0
7a3a401874bea02f568aa416ac29170d8cde0dc2,1,0.6990161085128784,1.0
7a62ed61367b8fd01bae1e18e30602c25060d824,0,0.2002418880164623,0.0
7aa12d2fe89d7b95ad01ca38a291c7ec3efe7599,1,0.7624789547920228,1.0
7aa9b96e9a73e4ec1771492d0527bd5fc5ef9164,0,0.15953379839658735,0.0
7ab41c2c08a32132ba8c14624910e2fe8ce4ba4b,0,0.2018931120634079,0.0
7ae04ba36b381bffe2471eff3a93edced843240f,0,0.2260448786616325,0.0
7b3ba18703a63f6fd487183b9262b08e5632da1b,0,0.37939284026622766,0.5
7b3ba18703a63f6fd487183b9262b08e5632da1b,0,0.37939284026622766,0.5
7b3ba18703a63f6fd487183b9262b08e5632da1b,0,0.38439284026622766,0.5
7b3ba18703a63f6fd487183b9262b08e5632da1b,0,0.38439284026622766,0.5
7b439aaa62fee474a0d84d67a25f4984467e7b95,0,0.5497776281833648,0.5
7b439aaa62fee474a0d84d67a25f4984467e7b95,0,0.5497776281833648,0.5
7b439aaa62fee474a0d84d67a25f4984467e7b95,0,0.6147776281833648,1.0
7b439aaa62fee474a0d84d67a25f4984467e7b95,0,0.6147776281833648,1.0
7b88bda3761b95856cf97822efe8281c8100067b,1,0.9660332703590393,1.0
7bd09a2db0f617377027a2bb0b9179e6959edff3,0,0.08558362543582915,0.0
7bf744f2de0a848fb1d717f5831b03db96feae89,0,0.16191448181867601,0.0
7c2ffaf21bd67f73d21560995ce17eaf5fc1d37f,1,0.9316456580162048,1.0
7c2ffaf21bd67f73d21560995ce17eaf5fc1d37f,1,0.9316456580162048,1.0
7c2ffaf21bd67f73d21560995ce17eaf5fc1d37f,1,0.9416456580162047,1.0
7c2ffaf21bd67f73d21560995ce17eaf5fc1d37f,1,0.9416456580162047,1.0
7c36711a2cd8059c2d24f5e5c1d76e8ea2d5613c,0,0.20386440873146056,0.0
7c4a5b89a0b5a57a64b601775b296abf77a9fe97,0,0.17347685851156708,0.0
7c4e983c4f3cf94fcd879730c6caa877e0768a4d,1,0.6244828820228576,1.0
7c55b78818cfb732680c4a72ab270cc2d2ee3d0f,0,0.1136427721381187,0.0
7c693f54c873691a4b7da05c7e0f74e67745d144,1,0.8811179089546204,1.0
7c83232161f609bbc452a1255f823f41afc411dd,1,0.9630649745464325,1.0
7c83232161f609bbc452a1255f823f41afc411dd,1,0.9630649745464325,1.0
7c83232161f609bbc452a1255f823f41afc411dd,1,0.9080649745464324,1.0
7c83232161f609bbc452a1255f823f41afc411dd,1,0.9080649745464324,1.0
7c988176b6c16c516474f6fceebe0f055af5eb56,0,0.1179812717437744,0.0
7ca110f2679b7d1f3ac1afc90e6ffbf0af3edf0d,1,0.583590402007103,0.5
7cf5ce66dfda2be444ea668c3d48f732ba4a7fd1,1,0.6898206782341004,0.5
7d84a63a39b78443d09f2b4edf7ecb1d586379b4,1,0.7883128154277802,1.0
7d84a63a39b78443d09f2b4edf7ecb1d586379b4,1,0.7883128154277802,1.0
7d84a63a39b78443d09f2b4edf7ecb1d586379b4,1,0.8133128154277802,1.0
7d84a63a39b78443d09f2b4edf7ecb1d586379b4,1,0.8133128154277802,1.0
7dc357d343f134bf59815ff6098b93503ec8a23b,0,0.10205410867929454,0.0
7dc3bfcb4c9cc58970fff6aaa48172cb224d85aa,0,0.2952536106109619,0.0
7dc5537c3f8be87e005f0844a7626c987914f8fd,0,0.11055433765053745,0.0
7ddc21e317b360c3444de3023bcc83b85fabae2f,0,0.0933532571047544,0.0
7ddc21e317b360c3444de3023bcc83b85fabae2f,0,0.0933532571047544,0.0
7ddc21e317b360c3444de3023bcc83b85fabae2f,0,0.11335325710475441,0.0
7ddc21e317b360c3444de3023bcc83b85fabae2f,0,0.11335325710475441,0.0
7e04da2dc7013af50ed3a2beb698d5168d1e594b,0,0.08602052375674245,0.0
7e170922f06bf46effa7c57f6035fc463d6edc7e,1,0.9059932363033294,1.0
7e1864332fbc1b993659eab7974da9fe8bf8c128,1,0.4948974496126175,0.5
7e3f3ba97e6cc6fce5bf62df2ca06c8e59040167,1,0.1261191818118095,0.0
7e3f3ba97e6cc6fce5bf62df2ca06c8e59040167,1,0.1261191818118095,0.0
7e3f3ba97e6cc6fce5bf62df2ca06c8e59040167,1,0.1261191818118095,0.0
7e3f3ba97e6cc6fce5bf62df2ca06c8e59040167,1,0.1261191818118095,0.0
7e6bc1f6cabcd30aba0b11219d8e01b952eacbb6,0,0.2002857631444931,0.0
7e753eb675f0523207b184558638ee2eed6c9ac2,0,0.7742804741859436,1.0
7e97cfed9929eaabc41829c395eb0d1350fccb9d,0,0.14685502916574475,0.0
7e9c323c52b379d261a72dc7bd38120a761a93cd,0,0.13271302998065945,0.0
7e9f79428372c6eab92271390851be34ab26bfb4,0,0.15632187739014625,0.0
7ec37d1cbe17d8189d9562178d8b29167fe1c31a,0,0.11270943414419886,0.0
7ee29facd8a9c5a26079148e36bcf07141b3a6bc,0,0.10488479413092135,0.0
7ee29facd8a9c5a26079148e36bcf07141b3a6bc,0,0.10488479413092135,0.0
7ee29facd8a9c5a26079148e36bcf07141b3a6bc,0,0.14488479413092137,0.0
7ee29facd8a9c5a26079148e36bcf07141b3a6bc,0,0.14488479413092137,0.0
7ef414375fcc001b6d0745d2931d91c9c736e18d,1,0.8768972146511078,1.0
7f0e810220e2d985338ecdd907c1598404db251d,1,0.5266114044189453,0.5
7f31cced5724e6d414fe750aa1cd7e7b578ec22f,0,0.0838747803866863,0.0
7f819a2f4fbc510e088b49c79addcf1734503578,0,0.45031657814979553,0.5
7fcf26b315bbb728036da0862de6b335da83dff2,0,0.19631910026073454,0.0
7ff607e27233861b3f83e658317b3fb18b047229,1,0.9509936141967774,1.0
7ff607e27233861b3f83e658317b3fb18b047229,1,0.9509936141967774,1.0
7ff607e27233861b3f83e658317b3fb18b047229,1,0.8759936141967775,1.0
7ff607e27233861b3f83e658317b3fb18b047229,1,0.8759936141967775,1.0
8003f00d895310d409b2bf9ef907c56b42a4e0f4,0,0.2182235091924667,0.0
80285ae1ec8717b597b20de38866c29d84d321a1,0,0.21491863489151003,0.0
80285ae1ec8717b597b20de38866c29d84d321a1,0,0.21491863489151003,0.0
80285ae1ec8717b597b20de38866c29d84d321a1,0,0.21491863489151003,0.0
80285ae1ec8717b597b20de38866c29d84d321a1,0,0.21491863489151003,0.0
8031b58c3a9b1db3ef68b3bd749fbee2e1e1aaa3,0,0.0478897575289011,0.0
804ca14d04df09bf7924bacc5ad22a4bed80c94f,0,0.2219623619318008,0.0
8092aa3ab8f7b737a34b71f91492c676a843043a,0,0.5424233710765839,0.5
80bec6825b19d95ccdfd3393cf8ec15ff2a749b4,0,0.08150280516594646,0.0
80f6215b450eb8e92d8b1f117abf5ecf867f963e,1,0.9699446713924408,1.0
81091d7696ae71627ff80bbf2c6b0986d2c1cce3,1,0.9454136657714844,1.0
810c38a369a0a0ce625b5c12169abce1dd9ccd53,0,0.20573393762111664,0.0
810c38a369a0a0ce625b5c12169abce1dd9ccd53,0,0.20573393762111664,0.0
810c38a369a0a0ce625b5c12169abce1dd9ccd53,0,0.21573393762111664,0.0
810c38a369a0a0ce625b5c12169abce1dd9ccd53,0,0.21573393762111664,0.0
811d581194f7412eda97acc03d17fc77824b561f,0,0.1516313752532005,0.0
81225b2ea161af48e093f58e8dfee6d705b16af4,0,0.06222816333174705,0.0
81ada09cc25e4bf2de7d2951925fb409338a545d,1,0.6589094305038452,0.5
81af2952e60603d12415e1a6fd200f8073a2ad8b,1,0.9524365079402923,1.0
81af2952e60603d12415e1a6fd200f8073a2ad8b,1,0.9524365079402923,1.0
81af2952e60603d12415e1a6fd200f8073a2ad8b,1,0.9224365079402924,1.0
81af2952e60603d12415e1a6fd200f8073a2ad8b,1,0.9224365079402924,1.0
81d23d2a24012e448f651e007fac2cfd20a45ce0,0,0.11335047677159306,0.0
81e9d6f8647650a7bead74c5f926e29970e834d1,0,0.11649565819650884,0.0
8220543df1489ef96c3d4e8b0b3b03c340e3943e,1,0.9233045744895936,1.0
824d4f64c20093275f72fc8101394d75ff6a249e,0,0.15363650187849995,0.0
8252b88294d2a744df6e3c6d85909ade403a5f2c,1,0.961269588470459,1.0
825fc49497957310e421454fe3fb8b8d8d8e2dd2,0,0.18710046172142025,0.0
827fc630e4c8087df5a8e8ee013b686bd6f13736,1,0.7855111575126648,1.0
82e31755e55fbcea6a9dfaae5fe4860ade17cbc0,0,0.17699485912919038,0.0
82f0b6f041fad768c28b4ad05a683065412c226e,0,0.12758865565061567,0.0
838c7b8f1f278404d9d684c34a8cb26dc41aaaa1,0,0.15317601203918457,0.0
83ab8678ad0c6f27594c716cafe59c8bbd5e49ef,1,0.8500834238529205,1.0
83ab8678ad0c6f27594c716cafe59c8bbd5e49ef,1,0.8500834238529205,1.0
83ab8678ad0c6f27594c716cafe59c8bbd5e49ef,1,0.8100834238529205,1.0
83ab8678ad0c6f27594c716cafe59c8bbd5e49ef,1,0.8100834238529205,1.0
83cb2604f641cecadc275ca18adbba4bf262320f,1,0.7262624800205231,0.5
8423f0b6d513b259fdab9c9bf4aaa6188d054c2d,0,0.05648226764053105,0.0
84990b169557428c318df87b7836cd15f65b62dc,1,0.9389260482788087,1.0
84a433a40d0ebf3bbf36b8bfa58c6f45dc782344,1,0.9160240697860718,1.0
84a4bb6548a29326564f0e659fb8064503ecc1c7,0,0.8339895355701445,1.0
84a53580c5d2138c7361c7c3eea5b31827e63b35,0,0.11786130934953686,0.0
84b767f9e34fdb143c09e66a2a20722fc2921821,0,0.5343115359544754,0.5
84ec985944ef34a34a1605b93ce401aa8737af96,0,0.539417673945427,0.5
85099c7ce4f9e64c66aa397cd9a37473637ab891,0,0.0920108091831207,0.0
851a723e45d1c4c8f6f7b0d2cfbc5f53690bb4e9,1,0.36633679151535037,0.0
852eee62d31abd695cd43e1b875d664ed292a8ca,1,0.937117975950241,1.0
85520856466ed6bc3b1ccb013cddac70ceb437db,1,0.1229035690426826,0.0
85520856466ed6bc3b1ccb013cddac70ceb437db,1,0.1229035690426826,0.0
85520856466ed6bc3b1ccb013cddac70ceb437db,1,0.1479035690426826,0.0
85520856466ed6bc3b1ccb013cddac70ceb437db,1,0.1479035690426826,0.0
859051dd165ec6cc915f0f2114699021144fd249,1,0.7524981272220612,1.0
859051dd165ec6cc915f0f2114699021144fd249,1,0.7524981272220612,1.0
859051dd165ec6cc915f0f2114699021144fd249,1,0.7824981272220611,1.0
859051dd165ec6cc915f0f2114699021144fd249,1,0.7824981272220611,1.0
85ce2c517ade0d51b7ad95f2e88be9bbe294379a,1,0.8302212929725648,1.0
85ce2c517ade0d51b7ad95f2e88be9bbe294379a,1,0.8302212929725648,1.0
85ce2c517ade0d51b7ad95f2e88be9bbe294379a,1,0.8352212929725646,1.0
85ce2c517ade0d51b7ad95f2e88be9bbe294379a,1,0.8352212929725646,1.0
85d07c55621676d47d873d2749b88f783cd4d5a1,0,0.8131894505023955,1.0
85e4ea1049c70fb99de5c6057e835d151fb647da,1,0.32013004720211025,0.0
85e833cd7243bda7285492b0653c3abb1e2e757b,0,0.2865939408540726,0.0
85eaeb5058f0f04dffb124c97c86b4f18db0b833,0,0.2730816012620925,0.0
86167183a17e03ec77198897975e9fdfbd53cb0b,1,0.20936741232872008,0.0
86301129698be52f8398f92ea8564168f6bfcae1,1,0.9584109151363374,1.0
8639ecebc9b1796d7074751a350462f5e1c61cd4,1,0.8858194482326508,1.0
8649829a1dd25199bbf557b2621cedb4bf9b3050,0,0.15985477194190026,0.0
8649829a1dd25199bbf557b2621cedb4bf9b3050,0,0.15985477194190026,0.0
8649829a1dd25199bbf557b2621cedb4bf9b3050,0,0.16985477194190024,0.0
8649829a1dd25199bbf557b2621cedb4bf9b3050,0,0.16985477194190024,0.0
86565682e9053e5deb128193ea9e88531bbae9cf,0,0.611228380203247,0.5
86565682e9053e5deb128193ea9e88531bbae9cf,0,0.611228380203247,0.5
86565682e9053e5deb128193ea9e88531bbae9cf,0,0.626228380203247,0.5
86565682e9053e5deb128193ea9e88531bbae9cf,0,0.626228380203247,0.5
865e7a7700d930d34895a70f8af2eb4e778a5b0e,1,0.9081940734386444,1.0
865e7a7700d930d34895a70f8af2eb4e778a5b0e,1,0.9081940734386444,1.0
865e7a7700d930d34895a70f8af2eb4e778a5b0e,1,0.8981940734386444,1.0
865e7a7700d930d34895a70f8af2eb4e778a5b0e,1,0.8981940734386444,1.0
868bba54a3bcbfc34314e963d5a7e66717f39d4e,1,0.49132024884223935,0.5
86d55f124b52de2ba0d066d89b766bcc0387fd72,1,0.4629118812084198,0.5
86f44fcec22ce2979507742bc53db8400e454f46,0,0.4207115858793259,0.5
870565f063a58576e8a4529f122cac4325c6b395,0,0.5335295045375824,1.0
870565f063a58576e8a4529f122cac4325c6b395,0,0.5335295045375824,1.0
870565f063a58576e8a4529f122cac4325c6b395,0,0.5835295045375823,1.0
870565f063a58576e8a4529f122cac4325c6b395,0,0.5835295045375823,1.0
871cd9d881fa791d3f82885000713de07041c0ae,0,0.31673985958099365,0.5
873aefb376bbc0ed1dd2381ea1d6ec88106fdbd4,0,0.17686431691050525,0.0
876673364161da50eed6b472d746ef88242b2368,0,0.625333595275879,0.5
876673364161da50eed6b472d746ef88242b2368,0,0.625333595275879,0.5
876673364161da50eed6b472d746ef88242b2368,0,0.5953335952758789,0.5
876673364161da50eed6b472d746ef88242b2368,0,0.5953335952758789,0.5
876f8ab52363f649bcc74072157dfd7adfbabc0d,0,0.12930249661207194,0.0
876f8ab52363f649bcc74072157dfd7adfbabc0d,0,0.12930249661207194,0.0
876f8ab52363f649bcc74072157dfd7adfbabc0d,0,0.08930249661207196,0.0
876f8ab52363f649bcc74072157dfd7adfbabc0d,0,0.08930249661207196,0.0
8774029f76b9806f2f3586bb0502408076767fd5,1,0.8436979508399964,1.0
87978e6ad45a16835cc58234451111091be3c59a,0,0.2884500229358673,0.0
87988a534d8e12f2e6fc01fe63e6c1925dc5307c,0,0.263085401058197,0.0
87ca4f9efbd7cc649ff43b87970888f2812945b8,0,0.2386059907078743,0.0
87d315a34133edcb29c4cadbf196ec6c30dfd47b,0,0.19342884868383403,0.0
87d315a34133edcb29c4cadbf196ec6c30dfd47b,0,0.19342884868383403,0.0
87d315a34133edcb29c4cadbf196ec6c30dfd47b,0,0.19342884868383403,0.0
87d315a34133edcb29c4cadbf196ec6c30dfd47b,0,0.19342884868383403,0.0
87e02063d07708cac5bfe9fd3a6a242898758ac8,0,0.32422174513339996,0.0
87e02063d07708cac5bfe9fd3a6a242898758ac8,0,0.32422174513339996,0.0
87e02063d07708cac5bfe9fd3a6a242898758ac8,0,0.3442217451334,0.0
87e02063d07708cac5bfe9fd3a6a242898758ac8,0,0.3442217451334,0.0
87f3afd366f7c668be0269efda8a89741a3ea6b3,1,0.7759904837608338,1.0
87f3afd366f7c668be0269efda8a89741a3ea6b3,1,0.7759904837608338,1.0
87f3afd366f7c668be0269efda8a89741a3ea6b3,1,0.7959904837608338,1.0
87f3afd366f7c668be0269efda8a89741a3ea6b3,1,0.7959904837608338,1.0
8877243beafa7c6bfc42022cbfdf9e39b25bd4fa,0,0.055504156947135896,0.0
8877243beafa7c6bfc42022cbfdf9e39b25bd4fa,0,0.055504156947135896,0.0
8877243beafa7c6bfc42022cbfdf9e39b25bd4fa,0,0.0455041569471359,0.0
8877243beafa7c6bfc42022cbfdf9e39b25bd4fa,0,0.0455041569471359,0.0
887bfc546097fbe8071dac13b2fef73b77920899,0,0.1280219606310129,0.0
8887b94d93224e0ef7e1bc6369640e313b8b12f4,1,0.3427938497066498,0.5
8892780834ae294bc3697c7d0e056d7743900b39,0,0.6066643762588502,0.5
8892780834ae294bc3697c7d0e056d7743900b39,0,0.6066643762588502,0.5
8892780834ae294bc3697c7d0e056d7743900b39,0,0.60166437625885,0.5
8892780834ae294bc3697c7d0e056d7743900b39,0,0.60166437625885,0.5
88c67aeb14070bab61d3dd8be96c8b42ebcaf53a,1,0.25758928298950196,0.0
88d3917f82ed4215a2154432c26de1480a61b209,0,0.09367909684777259,0.0
88d3917f82ed4215a2154432c26de1480a61b209,0,0.09367909684777259,0.0
88d3917f82ed4215a2154432c26de1480a61b209,0,0.1336790968477726,0.0
88d3917f82ed4215a2154432c26de1480a61b209,0,0.1336790968477726,0.0
88d4b23a629ebd34f682f770cb6c2116c851f7b8,0,0.13319767624139783,0.0
88d4b23a629ebd34f682f770cb6c2116c851f7b8,0,0.13319767624139783,0.0
88d4b23a629ebd34f682f770cb6c2116c851f7b8,0,0.13819767624139784,0.0
88d4b23a629ebd34f682f770cb6c2116c851f7b8,0,0.13819767624139784,0.0
88da52ccd66e65f2e63a6c35c9dff55d448ef4dc,0,0.10727276518940926,0.0
88e72239ead9814b886db54fc4ee39ef3c2b8f26,0,0.1615405502915382,0.0
8944acd0f9db33e17f387fdc75d33bb473d7936f,0,0.23022061377763747,0.0
896b7addf2dc24908ad87f8ebeff83b2a83b8e04,1,0.9103034019470215,1.0
898d8b3e1414cd900492ee6a0b582f8095ba4a1a,0,0.2136291891336441,0.0
898d8b3e1414cd900492ee6a0b582f8095ba4a1a,0,0.2136291891336441,0.0
898d8b3e1414cd900492ee6a0b582f8095ba4a1a,0,0.2186291891336441,0.0
898d8b3e1414cd900492ee6a0b582f8095ba4a1a,0,0.2186291891336441,0.0
899ee2c3829c5ac14bfc7d3c4a5846c0b709b78f,0,0.28464934587478635,0.0
89ae89f53d201143560f1e9ed4bfa62eee34f88e,1,0.9386522090435028,1.0
89e856e124f9ae548572c56b1b70c2255705f8fe,0,0.3556665021181107,0.0
89e8a2366e3bce584b6c01549d5019c5cda1205e,0,0.1029696500301361,0.0
89fc548767a2155231128cb98726d6d2ea1256c9,0,0.08137671247124671,0.0
8a2e4d37afb8500b276e5ee903dee06f50ab0494,0,0.45591001391410824,0.5
8a565304927fbd28c9f028c492b5c1714002cbab,0,0.5733422303199768,0.5
8a924db2d7b5eb69ba08b1a0af46e9f1359a9bdf,0,0.4460931059718132,0.5
8a924db2d7b5eb69ba08b1a0af46e9f1359a9bdf,0,0.4460931059718132,0.5
8a924db2d7b5eb69ba08b1a0af46e9f1359a9bdf,0,0.4310931059718132,0.5
8a924db2d7b5eb69ba08b1a0af46e9f1359a9bdf,0,0.4310931059718132,0.5
8ae5b3a685dc59a8cf7ccfe0e850999ba9727a3c,0,0.18666745364665985,0.0
8afe816b0c9944a11adb12628e3b700a08a55d52,1,0.7677190470695496,1.0
8afe816b0c9944a11adb12628e3b700a08a55d52,1,0.7677190470695496,1.0
8afe816b0c9944a11adb12628e3b700a08a55d52,1,0.6977190470695496,1.0
8afe816b0c9944a11adb12628e3b700a08a55d52,1,0.6977190470695496,1.0
8b13601d19c541158a6e18b278c00ba69ae37829,0,0.19008256018161768,0.0
8b13601d19c541158a6e18b278c00ba69ae37829,0,0.19008256018161768,0.0
8b13601d19c541158a6e18b278c00ba69ae37829,0,0.20008256018161769,0.0
8b13601d19c541158a6e18b278c00ba69ae37829,0,0.20008256018161769,0.0
8b671fe1a879923ecfb72dda6caf01460dd885ef,0,0.06755040057003495,0.0
8ba2c459668cfe2aaacc5ebcd35b4b9ef8643013,0,0.2583086553215981,0.0
8ba2c459668cfe2aaacc5ebcd35b4b9ef8643013,0,0.2583086553215981,0.0
8ba2c459668cfe2aaacc5ebcd35b4b9ef8643013,0,0.308308655321598,0.0
8ba2c459668cfe2aaacc5ebcd35b4b9ef8643013,0,0.308308655321598,0.0
8ba438ef3cacc4808a63ed0ce24d4f0942cfe55d,0,0.07055424451828,0.0
8ba438ef3cacc4808a63ed0ce24d4f0942cfe55d,0,0.07055424451828,0.0
8ba438ef3cacc4808a63ed0ce24d4f0942cfe55d,0,0.08555424451828,0.0
8ba438ef3cacc4808a63ed0ce24d4f0942cfe55d,0,0.08555424451828,0.0
8bb592c2eca8fd2bc06db7d80b38da18da4a2f43,0,0.12552827563136815,0.0
8bc7c617642db6d8d20ee671fb6c4513017e7a7e,0,0.5711272180080413,0.5
8bd67ebb50c0145fd2ca8681ab65eb7e8cde1afc,0,0.15766014158725736,0.0
8c21c54a53ab21842f5050fa090f26b03c0313d6,0,0.22816291242837905,0.0
8c710f75256bb3cf05ac7b1672c82b92c43f3d28,0,0.7379897773265838,1.0
8c880fd4c155d9b1b3e294169d7dc3f3a1e04bd3,1,0.8323603832721711,1.0
8c88a474357ead632b07c70bf7f119ace8c3b39e,1,0.8964343357086182,1.0
8c88a474357ead632b07c70bf7f119ace8c3b39e,1,0.8964343357086182,1.0
8c88a474357ead632b07c70bf7f119ace8c3b39e,1,0.9114343357086182,1.0
8c88a474357ead632b07c70bf7f119ace8c3b39e,1,0.9114343357086182,1.0
8caa03f10bf92cb8657408a6ece6a8a73f96ce13,0,0.1959587404876947,0.0
8cad724c8537fe3e0da8004646abc00290adae40,0,0.13515886217355727,0.0
8cb1f4080dd91c6e6b01dbea013a3f42341cb6a1,0,0.03628474680706855,0.0
8cc07265b69141f8ed9597d0f27185239c241c80,1,0.5471191740036011,0.5
8ce34dccbe8fa7d2ef86f2d8e7db2a9b67cabfc3,0,0.11715123414993285,0.0
8ce74b35630d60f4272da26270233768eb0d17d0,1,0.9263307905197143,1.0
8ce74b35630d60f4272da26270233768eb0d17d0,1,0.9263307905197143,1.0
8ce74b35630d60f4272da26270233768eb0d17d0,1,0.8413307905197144,1.0
8ce74b35630d60f4272da26270233768eb0d17d0,1,0.8413307905197144,1.0
8cf360b9d6a840700e06864236a01a883b34bbad,0,0.0846742248907685,0.0
8d2ad999ca3c64cb08cf6a58d227b9d9e746d708,0,0.3184787121415138,0.0
8d2ad999ca3c64cb08cf6a58d227b9d9e746d708,0,0.3184787121415138,0.0
8d2ad999ca3c64cb08cf6a58d227b9d9e746d708,0,0.2634787121415138,0.0
8d2ad999ca3c64cb08cf6a58d227b9d9e746d708,0,0.2634787121415138,0.0
8d3c1fa3fa5eacfd14f5b018eddb6c1a91c57783,1,0.274699364900589,0.0
8d7290348992f27242dd6a696fa2eede709f0b14,1,0.9656456422805786,1.0
8d9bfb2608145cf3e408428c224099e1585471af,1,0.8981724846363068,1.0
8daf9c702ee7f825f0de8600abff764acfedea13,0,0.22670281410217286,0.0
8e0545c83d672750632f46e3f9ad95c48c91a0fc,0,0.08018984116613864,0.0
8e0f5a96c534f781e8c57ca30459448b3bfe5429,0,0.3641780257225037,0.0
8e1278444446fc97778a5e5c99bca1ce0bbc5ec9,0,0.36401744604110714,0.0
8e2734bf444767fed787305ccdcb36a2be5301a2,0,0.19894461154937743,0.0
8e5647a723c49d73b9f108a8bb38e8c29d3948ea,0,0.1791282749176025,0.0
8e5647a723c49d73b9f108a8bb38e8c29d3948ea,0,0.1791282749176025,0.0
8e5647a723c49d73b9f108a8bb38e8c29d3948ea,0,0.18912827491760248,0.0
8e5647a723c49d73b9f108a8bb38e8c29d3948ea,0,0.18912827491760248,0.0
8e57c06bf4b0f51a4d6958e15e1a99c9520d00fa,0,0.8337409198284149,1.0
8e57c06bf4b0f51a4d6958e15e1a99c9520d00fa,0,0.8337409198284149,1.0
8e57c06bf4b0f51a4d6958e15e1a99c9520d00fa,0,0.8487409198284149,1.0
8e57c06bf4b0f51a4d6958e15e1a99c9520d00fa,0,0.8487409198284149,1.0
8e64d2356cbc800b4cd0e3e614797f76bcf0cdb8,0,0.07431578934192655,0.0
8e7860543a94784d744c7ce34b78a2e11beefa5c,0,0.09219886261969801,0.0
8e877caaad818595ecb6754355cea2058fd9848e,1,0.8938078618049622,1.0
8e877caaad818595ecb6754355cea2058fd9848e,1,0.8938078618049622,1.0
8e877caaad818595ecb6754355cea2058fd9848e,1,0.8838078618049623,1.0
8e877caaad818595ecb6754355cea2058fd9848e,1,0.8838078618049623,1.0
8ecd06277a7664f4ef018abae3abd3451d64e7a6,0,0.15643441319465634,0.0
8eef5c3cea65f248c99cd9dcb3f84c6509b78162,0,0.23344697833061215,0.0
8f02139ad9a7e6e5c05712f8c1501eebed8eacfd,0,0.2462285417318344,0.0
8f02139ad9a7e6e5c05712f8c1501eebed8eacfd,0,0.2462285417318344,0.0
8f02139ad9a7e6e5c05712f8c1501eebed8eacfd,0,0.2062285417318344,0.0
8f02139ad9a7e6e5c05712f8c1501eebed8eacfd,0,0.2062285417318344,0.0
8f0541186e9ad1b62accc9519cc2b7a7240272a7,0,0.6031653016805648,0.5
8f4f68e788c3a7a696546291258bfa5fdb215523,0,0.16348188042640685,0.0
8f4f68e788c3a7a696546291258bfa5fdb215523,0,0.16348188042640685,0.0
8f4f68e788c3a7a696546291258bfa5fdb215523,0,0.12848188042640685,0.0
8f4f68e788c3a7a696546291258bfa5fdb215523,0,0.12848188042640685,0.0
8f828aa48812ced28aa39cb3cfe55ef2444d03dd,0,0.30501704752445224,0.0
8f9abaa6d7de0a70fc68acaedce290c1f96e2e59,0,0.2030944240093231,0.0
8f9abaa6d7de0a70fc68acaedce290c1f96e2e59,0,0.2030944240093231,0.0
8f9abaa6d7de0a70fc68acaedce290c1f96e2e59,0,0.1930944240093231,0.0
8f9abaa6d7de0a70fc68acaedce290c1f96e2e59,0,0.1930944240093231,0.0
8fc134fee27f2263988ae38920bc03da416b03d8,0,0.25384197413921356,0.0
8fe4ce5836e932f5766317cb651c1ff2a4cd0506,0,0.4814643836021423,0.5
9032b6e8589f269743984aac53e82e4835be16dc,1,0.8404268085956573,1.0
9065693dcc13f287b9e4991f43aee70cf5538fdd,0,0.16600450083613394,0.0
907c3fe532253a6ef4eb9c4d67efb71fab58c706,0,0.107225240021944,0.0
90912f9f4f2d159e93cf9a4c732506342489a1d5,1,0.7587359189987183,1.0
9094b4a1c76cfe84b906cc152bab34d4ba26fa5c,0,0.178351192176342,0.0
90b4fe17981e155432c4dbc490606d0c2e9c2199,1,0.9121526300907135,1.0
90b4fe17981e155432c4dbc490606d0c2e9c2199,1,0.9121526300907135,1.0
90b4fe17981e155432c4dbc490606d0c2e9c2199,1,0.8971526300907136,1.0
90b4fe17981e155432c4dbc490606d0c2e9c2199,1,0.8971526300907136,1.0
90cbed5247439a966b645b34eb0a2e037836ea8e,0,0.0399441111087799,0.0
90f3feb24172185f1832636264943e8b5e289245,0,0.21639584183692928,0.0
9124a26401483bf2b13a99cb4317dce3f677060f,1,0.762572832107544,1.0
915d975b2ffa58a14bfcf16fafe00c41315949ff,0,0.09232192456722256,0.0
91918ce88d9fef408bb12c46a27c73d79b604c20,1,0.7413544142246246,1.0
91954c6c904b515baafaee6a1f35c94409a3bb68,1,0.7275831198692322,1.0
91cfe0bbaa1c434d4271eb6e1d7aaa1fe8d121f6,0,0.36164045989513394,0.0
91cfe0bbaa1c434d4271eb6e1d7aaa1fe8d121f6,0,0.36164045989513394,0.0
91cfe0bbaa1c434d4271eb6e1d7aaa1fe8d121f6,0,0.36664045989513394,0.0
91cfe0bbaa1c434d4271eb6e1d7aaa1fe8d121f6,0,0.36664045989513394,0.0
91d5c5060ee24fe8da88cd585bb43b843d2f0dce,1,0.13847733475267884,0.0
91e61dd7a0af660408e87372d8330ceb218be302,0,0.12885881930589677,0.0
91fdbce7e8d69be255b45bfeb52092629a50e267,1,0.913513137102127,1.0
91fdbce7e8d69be255b45bfeb52092629a50e267,1,0.913513137102127,1.0
91fdbce7e8d69be255b45bfeb52092629a50e267,1,0.8935131371021271,1.0
91fdbce7e8d69be255b45bfeb52092629a50e267,1,0.8935131371021271,1.0
921ebde3c0d22c8cba74ce8eb3cc4626abff1ccd,0,0.12879467830061908,0.0
92214be5979c0961a471b7eaaaeacab41bdf456c,1,0.5549039804935455,0.5
92214be5979c0961a471b7eaaaeacab41bdf456c,1,0.5549039804935455,0.5
92214be5979c0961a471b7eaaaeacab41bdf456c,1,0.5599039804935455,0.5
92214be5979c0961a471b7eaaaeacab41bdf456c,1,0.5599039804935455,0.5
9227da7816dd1a42e20d41e2244cb63c205477ca,1,0.925967779159546,1.0
92424801261d1564a0bb759da3cf3ccd69fdf5a2,0,0.16486406594514844,0.0
92448f8718baf8a8a940c210f04d0787a52e7507,1,0.6367173457145691,0.5
92448f8718baf8a8a940c210f04d0787a52e7507,1,0.6367173457145691,0.5
92448f8718baf8a8a940c210f04d0787a52e7507,1,0.7017173457145691,1.0
92448f8718baf8a8a940c210f04d0787a52e7507,1,0.7017173457145691,1.0
924e5814d1f84e6fa5cb19c6eceb69f066225229,0,0.13852460324764249,0.0
924e5814d1f84e6fa5cb19c6eceb69f066225229,0,0.13852460324764249,0.0
924e5814d1f84e6fa5cb19c6eceb69f066225229,0,0.1585246032476425,0.0
924e5814d1f84e6fa5cb19c6eceb69f066225229,0,0.1585246032476425,0.0
9270270d62191b7549296721e8d5f3dc0df01563,1,0.38630885720252994,0.0
92a9c0ad86d47ff4cce899012e355c400f02cfb8,0,0.06747049823403356,0.0
92c78222168e9035a9bfb8841c2e56ce23e51f73,0,0.04989010546356436,0.0
92f1655aa2b2294d0b49925f3b875a634bd3b59e,0,0.46842498898506163,0.5
92fbb6d1296f81f41f65effd7f5f8c0f74943d15,0,0.0879481806606054,0.0
9307a998cb9846a2557fdca286997430bee36a2a,0,0.1901293334364891,0.0
9329933699b32d467a99befa20415c4b2172389a,1,0.67620001912117,0.5
93340e10b9c5fc86730d149636e0aa8b47bb5a34,0,0.1635444840788841,0.0
935124dd5883b5de68dc5a94f582480a10643dc9,0,0.4187262564897537,0.0
93995bf4af2c5a99e2a87f0cd5ce547d31eb7630,0,0.5047508424520493,0.5
93995bf4af2c5a99e2a87f0cd5ce547d31eb7630,0,0.5047508424520493,0.5
93995bf4af2c5a99e2a87f0cd5ce547d31eb7630,0,0.5097508424520493,0.5
93995bf4af2c5a99e2a87f0cd5ce547d31eb7630,0,0.5097508424520493,0.5
939b656bc8ab203fdbde26ccac22bcb7f0985be5,1,0.5429856693744659,0.5
93c1800b3799f17375989b0daf76497dd3e80922,0,0.22067587286233903,0.0
93c660ca40b5d2f7c1b1626e955a8e9fa30e0749,0,0.3036519590020179,0.0
93e2be344a7db169b7119de21ac1bf253b8c6907,0,0.28280072629451747,0.0
93e6c0e19d5bb12b49534a411c85e21d333731fa,1,0.25119862496852874,0.0
93e6c0e19d5bb12b49534a411c85e21d333731fa,1,0.25119862496852874,0.0
93e6c0e19d5bb12b49534a411c85e21d333731fa,1,0.25619862496852874,0.0
93e6c0e19d5bb12b49534a411c85e21d333731fa,1,0.25619862496852874,0.0
94062790aedb505bdda209b10bea47b294d6394f,1,0.2158109641075134,0.0
9446fa1683a7e3937d9970248ced427c1983a1c5,0,0.35948822736740105,0.5
94476b2b6d60bc926a585ae62e1bf69bd22c1dff,1,0.9086460304260253,1.0
945a9a8e448b65bec055d37eba58f711b39f66f0,0,0.103790887594223,0.0
948f991c62a4018fb81d85804eeab3029c6209f8,0,0.08030229568481445,0.0
9492261ff2460252cf2d8de89cdf854c7e2b28a0,0,0.5766733503341674,0.5
9492261ff2460252cf2d8de89cdf854c7e2b28a0,0,0.5766733503341674,0.5
9492261ff2460252cf2d8de89cdf854c7e2b28a0,0,0.5416733503341675,0.5
9492261ff2460252cf2d8de89cdf854c7e2b28a0,0,0.5416733503341675,0.5
94aeb4117343d072e3a35b9595bcbfc0058ee724,1,0.5333871173858642,0.5
94aeb4117343d072e3a35b9595bcbfc0058ee724,1,0.5333871173858642,0.5
94aeb4117343d072e3a35b9595bcbfc0058ee724,1,0.5233871173858643,0.5
94aeb4117343d072e3a35b9595bcbfc0058ee724,1,0.5233871173858643,0.5
94af50c0a9bb961fe93cf0fdd14eb0883da86721,1,0.9230615317821502,1.0
94af50c0a9bb961fe93cf0fdd14eb0883da86721,1,0.9230615317821502,1.0
94af50c0a9bb961fe93cf0fdd14eb0883da86721,1,0.8880615317821502,1.0
94af50c0a9bb961fe93cf0fdd14eb0883da86721,1,0.8880615317821502,1.0
94ceffb48eac7692677d8093dcde6965b70c4b35,1,0.8720278978347777,1.0
955a923d2809803980ff574270f81510112be9cf,0,0.1157647947967052,0.0
956fa1ddc132e028f3b7d4cf17e6bfc8cb36c7fd,1,0.23942273527383803,0.0
956fa1ddc132e028f3b7d4cf17e6bfc8cb36c7fd,1,0.23942273527383803,0.0
956fa1ddc132e028f3b7d4cf17e6bfc8cb36c7fd,1,0.2544227352738381,0.0
956fa1ddc132e028f3b7d4cf17e6bfc8cb36c7fd,1,0.2544227352738381,0.0
9585a495ac936049dba141e8f9d99159ca06d46a,1,0.8114527380466461,1.0
9585a495ac936049dba141e8f9d99159ca06d46a,1,0.8114527380466461,1.0
9585a495ac936049dba141e8f9d99159ca06d46a,1,0.9064527380466461,1.0
9585a495ac936049dba141e8f9d99159ca06d46a,1,0.9064527380466461,1.0
958cf2e273f0929c66169e0788031310e8118722,1,0.9424680578708649,1.0
959fe01e85b7241e3ec305d657febbe82da16a02,0,0.2500201463699341,0.0
95a404bd60af6c4d9d8db01ad14fe8957ece31ca,0,0.17324350535869595,0.0
95a404bd60af6c4d9d8db01ad14fe8957ece31ca,0,0.17324350535869595,0.0
95a404bd60af6c4d9d8db01ad14fe8957ece31ca,0,0.18824350535869594,0.0
95a404bd60af6c4d9d8db01ad14fe8957ece31ca,0,0.18824350535869594,0.0
96398560f26aa07e8f2969d73c8197e6a6d10407,0,0.0604870760440826,0.0
96a9a9341cdaea0c3bce4c134e04a2a42ae899ac,1,0.9134626650810242,1.0
96a9a9341cdaea0c3bce4c134e04a2a42ae899ac,1,0.9134626650810242,1.0
96a9a9341cdaea0c3bce4c134e04a2a42ae899ac,1,0.9384626650810242,1.0
96a9a9341cdaea0c3bce4c134e04a2a42ae899ac,1,0.9384626650810242,1.0
96b328d119eca7563c1edcc4e1039a62e6370ecb,0,0.20829730883240694,0.0
96e8fc5818686d4a1591bb6907e7fdb64ef29884,0,0.6746295130252837,1.0
974bba5c118f4c2baf00de0356e3e4f7928b4cbc,0,0.0720743353664875,0.0
974bba5c118f4c2baf00de0356e3e4f7928b4cbc,0,0.0720743353664875,0.0
974bba5c118f4c2baf00de0356e3e4f7928b4cbc,0,0.052074335366487506,0.0
974bba5c118f4c2baf00de0356e3e4f7928b4cbc,0,0.052074335366487506,0.0
97713b1a2ced1e4a2a6c40045903797ebd44d7e0,0,0.14454975157976152,0.0
977ad86c2a1bcaf58f01ab98df5cc145083c489c,1,0.2238249589502811,0.0
9788d087caffd8358d6e14349ee69d9385666719,1,0.561818118095398,0.5
97a9063518f198ec0adb2ecb89789de342bb8283,0,0.25000133514404294,0.0
97ab304ecd95c0b1703ff8c8c3956dc6e2afe8e1,0,0.28311523139476774,0.0
97bf6f81b29a8efaf5d0983251a7450e5794370d,0,0.13019372850656505,0.0
97d833ceb27dc19f8777d63f90be4a27b5daeedf,0,0.4676426672935486,0.5
97e3d26b5e5f371b3ee223d94dd123e6c442ba80,0,0.6149523723125458,1.0
9827a0e6e23bf43003cd3d5b7fb11baf59a35e1e,1,0.4947402286529541,0.5
9828994ac492e8e7de47fe66097b7e665328f348,0,0.2126725685596466,0.0
9841991a446c87f90f66f4b9fee6fe934c1336a2,0,0.32559764683246606,0.0
9862ec7ac1cbc6eb5ee4a045b5d5b8edbb2f7e68,0,0.0659679332375526,0.0
9862ec7ac1cbc6eb5ee4a045b5d5b8edbb2f7e68,0,0.0659679332375526,0.0
9862ec7ac1cbc6eb5ee4a045b5d5b8edbb2f7e68,0,0.0759679332375526,0.0
9862ec7ac1cbc6eb5ee4a045b5d5b8edbb2f7e68,0,0.0759679332375526,0.0
98ba1d931f611e8f8f519c0405fa0a1a76554bfa,1,0.20461900413036344,0.0
98ca62ba9e2be5863c7d069f84f7166b45a5b2f4,0,0.09211471915245055,0.0
98d919dfee1cc402ca29d45da642852d7c9a2301,0,0.296672688126564,0.0
98e948fb60d41447fd8d2d0c3b8637fc6b6dc26d,0,0.18216614872217174,0.0
991df3dd5144f2e6b1c38b8d20ed3d4d21e20b34,0,0.11685487657785415,0.0
992db13a4aee766c8bfbf046ad15c2db5fa7cab8,1,0.4487129092216492,0.5
99516f76db48e1a9d54cdfed63c1babcee4e71a5,0,0.2854318130016327,0.0
996422e3230e41468f652d754fefd1bdbcd4604e,0,0.2136440300941467,0.0
996c3412a06578e9d779a16b9e79ace18125ab50,0,0.12315783470869064,0.0
999cb275c807b92662f8a74fdaee9619700f64a5,1,0.8849166226387024,1.0
99a63d36cb3ed5ca3aa6fcb64cffbeaf3b0fb164,0,0.06734505280852315,0.0
99b9402a36f0799f25feee4465bfa4b8dfa74b4d,0,0.4212537223100662,0.5
99bf7c2eccff82760fa23ce967cc67c8c219c6a6,0,0.1077663145959377,0.0
99e5acae193e369b71217efe6f1dad42f3f18815,1,0.19845393925905225,0.0
99f1a36c90a7524972be5a028424c57fa17753ee,0,0.16867391675710675,0.0
9a0c28efeec6383ef22e97437616b920e7320b67,0,0.1754502049088478,0.0
9a260f2dd827bbc82cc60eb4f4d8c22707d80742,0,0.20507278501987455,0.0
9a260f2dd827bbc82cc60eb4f4d8c22707d80742,0,0.20507278501987455,0.0
9a260f2dd827bbc82cc60eb4f4d8c22707d80742,0,0.21507278501987454,0.0
9a260f2dd827bbc82cc60eb4f4d8c22707d80742,0,0.21507278501987454,0.0
9a3bc8d16e0aacd65c31aaf23a2bced3288a7779,0,0.1100878834724426,0.0
9a4d6dd554b86e65581ef6b6638a39ae079b17ac,0,0.14033447220921513,0.0
9a95c5bfbf02a0a7f5983280fe284a0ff0836c34,0,0.383216695189476,0.0
9a9ab0d963621d9d12199df9817e66982582d5a5,0,0.1644882897287607,0.0
9a9ab0d963621d9d12199df9817e66982582d5a5,0,0.1644882897287607,0.0
9a9ab0d963621d9d12199df9817e66982582d5a5,0,0.0994882897287607,0.0
9a9ab0d963621d9d12199df9817e66982582d5a5,0,0.0994882897287607,0.0
9acaa64187f9b4cbb75622883c96ea1a893d5431,1,0.9237184929847717,1.0
9acaa64187f9b4cbb75622883c96ea1a893d5431,1,0.9237184929847717,1.0
9acaa64187f9b4cbb75622883c96ea1a893d5431,1,0.9287184929847717,1.0
9acaa64187f9b4cbb75622883c96ea1a893d5431,1,0.9287184929847717,1.0
9afea57384d4ae7b2034593eac7fa76c7122762a,1,0.6604878747463226,1.0
9b0fc3c054ff2eb13753104884f1045b5bb3a627,1,0.21353968426585196,0.0
9b4667ea67854f0b116fe22ad11ef5628c5b5b5f,0,0.10911630645394325,0.0
9b98d395b85dd042fe83fb696b1ac02e6c93a520,1,0.8884369766712188,1.0
9b9c8195f3f0d74a826077fc1c01b9ee74907239,1,0.12172585286200045,0.0
9ba0ff3e083f6a4a0b6698f06bfff74805fefa5f,1,0.9663407266139984,1.0
9ba0ff3e083f6a4a0b6698f06bfff74805fefa5f,1,0.9663407266139984,1.0
9ba0ff3e083f6a4a0b6698f06bfff74805fefa5f,1,0.9663407266139984,1.0
9ba0ff3e083f6a4a0b6698f06bfff74805fefa5f,1,0.9663407266139984,1.0
9ba2ea6337b4f159aecb177555a6a81da92d302e,0,0.1950691270828247,0.0
9ba46183eb905589a845f3a973a37ffed7aebf1a,1,0.9147848665714264,1.0
9ba90d760e9354c124fa9bbea08017d96699a82c,1,0.9638147068023681,1.0
9be6c21fdcf8a7ec48262bb76f78c17ac2761ac6,1,0.7972258198261262,1.0
9c0731832d3b7420cbadba6a7f334363bc8dfb15,0,0.08361883118748664,0.0
9c33663af9ad115f90c076a1828129a3fbadea98,0,0.1323897260427475,0.0
9c5ccf2db04b8d7c3df363fdd4856c2b79ab2c6a,1,0.862503547668457,1.0
9c8b7a293f50253e694f19161c045817a938e551,0,0.3254575869441032,0.0
9ca9fb24d5febccea354089c41f96a8ad0d853f8,0,0.8575498378276825,1.0
9cae36a094e7e9d6e5fe8b6dcd4642138b3eb0c7,1,0.7003592813014985,1.0
9cb636b5f6a8cc6d1b50809ec8f8d33ae0c84c95,0,0.1853479194641113,0.0
9cc02ede696272c5271a401e4f27c262359bc2f6,0,0.2549320317804813,0.0
9cf71eb0faef4bff01df4264841b8465382d7927,0,0.36298116207122805,0.5
9d0c063a4d1d10ef8e6288899b8524413e40cfa0,1,0.963944251537323,1.0
9d141c1e615795eeb93cd35501ad144ee997a826,0,0.2544289496541023,0.0
9d274c19a71b3a276949933859610721a453946b,0,0.2078243142366409,0.0
9d4c75800f61e5d75c1659ba201b6c0c7ead3070,1,0.13995247989892956,0.0
9d4c75800f61e5d75c1659ba201b6c0c7ead3070,1,0.13995247989892956,0.0
9d4c75800f61e5d75c1659ba201b6c0c7ead3070,1,0.12495247989892955,0.0
9d4c75800f61e5d75c1659ba201b6c0c7ead3070,1,0.12495247989892955,0.0
9d618d19b29c2943527e3a43da0a35aea91062fc,0,0.1916429227590561,0.0
9d618d19b29c2943527e3a43da0a35aea91062fc,0,0.1916429227590561,0.0
9d618d19b29c2943527e3a43da0a35aea91062fc,0,0.2016429227590561,0.0
9d618d19b29c2943527e3a43da0a35aea91062fc,0,0.2016429227590561,0.0
9d64d2405f7d30d49818f6682acd0392348f0fdb,0,0.31063354313373565,0.0
9d71b54b65b1fb6c0d3a6c5c88ba9b915c783fbc,1,0.7768190336227416,1.0
9d71b54b65b1fb6c0d3a6c5c88ba9b915c783fbc,1,0.7768190336227416,1.0
9d71b54b65b1fb6c0d3a6c5c88ba9b915c783fbc,1,0.7668190336227416,1.0
9d71b54b65b1fb6c0d3a6c5c88ba9b915c783fbc,1,0.7668190336227416,1.0
9d94c04c0db024922e886c9fd429659f22f48ea4,0,0.12721674680709835,0.0
9da27fb65a14c18efd4473e2e82b76b53ba60252,0,0.08905615173280235,0.0
9dab880d675b9d0dd56c6428e4e8352a3339371d,0,0.37679147899150844,0.0
9e14606d8f38ea52a38c27692a9c1513c987a5da,1,0.9306794726848602,1.0
9e17f99220d111ea031b44153fdfe364b0024ff2,0,0.24311580806970595,0.0
9e4bf6a08d1e127bcc4bd72557f2dfafc6bc7f41,0,0.23219459503889078,0.0
9e4bf6a08d1e127bcc4bd72557f2dfafc6bc7f41,0,0.23219459503889078,0.0
9e4bf6a08d1e127bcc4bd72557f2dfafc6bc7f41,0,0.23219459503889078,0.0
9e4bf6a08d1e127bcc4bd72557f2dfafc6bc7f41,0,0.23219459503889078,0.0
9e7fef9521e73ca8afd7da9e58c14654b02dfad8,0,0.044739898964762645,0.0
9e90e58c11b74c2bddac4b2702cf79d36b981278,1,0.3983180618286133,0.5
9e90e58c11b74c2bddac4b2702cf79d36b981278,1,0.3983180618286133,0.5
9e90e58c11b74c2bddac4b2702cf79d36b981278,1,0.36831806182861326,0.5
9e90e58c11b74c2bddac4b2702cf79d36b981278,1,0.36831806182861326,0.5
9eee5330656bf92f51cb1f09b2dc9f8cf975b3d1,0,0.15765109360218044,0.0
9efd23297cca530bb35e1848665805d3fcdd7889,0,0.1320136559009552,0.0
9f1e16fb1fc9826001c69e0551d51fbbcd2d74e9,0,0.24755976289510728,0.0
9f6958ba2e902f9820c594869bd710ba74b7c4c0,0,0.2205132347345352,0.0
9f74a3dfcf83e11aedcb98250b8040dbc6d9659a,1,0.8545720660686493,1.0
9f74a3dfcf83e11aedcb98250b8040dbc6d9659a,1,0.8545720660686493,1.0
9f74a3dfcf83e11aedcb98250b8040dbc6d9659a,1,0.7945720660686493,1.0
9f74a3dfcf83e11aedcb98250b8040dbc6d9659a,1,0.7945720660686493,1.0
9fce92f050f448a0d1ddd9083ef967d9930f1e52,0,0.12211117282509801,0.0
9fce92f050f448a0d1ddd9083ef967d9930f1e52,0,0.12211117282509801,0.0
9fce92f050f448a0d1ddd9083ef967d9930f1e52,0,0.117111172825098,0.0
9fce92f050f448a0d1ddd9083ef967d9930f1e52,0,0.117111172825098,0.0
9fd154ba926b34c833b7bfc4c14ee2e931b3d743,0,0.2846030658483505,0.0
9fd29a5bae6e8f94b410374099a6fddb253d2d5f,1,0.7576352548599243,1.0
9fefb6201c4f8dd9f58c581b2a66e5cde2895ea2,0,0.7484888660907745,1.0
a0157b5aa34eb43ec4c5510f9c260bbb03be937e,0,0.0644247122853994,0.0
a0231804affe78d27264811559ee31bd341c2bff,1,0.819806319475174,1.0
a043fbab7af54c64017269dc96f43f441ed4bcaf,1,0.8318201410770416,1.0
a043fbab7af54c64017269dc96f43f441ed4bcaf,1,0.8318201410770416,1.0
a043fbab7af54c64017269dc96f43f441ed4bcaf,1,0.8318201410770416,1.0
a043fbab7af54c64017269dc96f43f441ed4bcaf,1,0.8318201410770416,1.0
a096ccca6e503a5c575717ff8a36ace27510ab0a,0,0.10999786779284476,0.0
a09d2d00af53b43c6f11e6ab3cb58443c2cac8a7,0,0.06378689289093015,0.0
a0ccc717c4ab3ef572f023fdceffb4b6df496a0d,1,0.6742826950550079,0.5
a1191a77351e25ddf091bb1a231cae12ee598b5d,0,0.2515290594100952,0.0
a11d965a218f0cd95b13fe44d0bcd8a20ce134a8,0,0.5850636672973633,0.5
a11d965a218f0cd95b13fe44d0bcd8a20ce134a8,0,0.5850636672973633,0.5
a11d965a218f0cd95b13fe44d0bcd8a20ce134a8,0,0.5550636672973632,0.5
a11d965a218f0cd95b13fe44d0bcd8a20ce134a8,0,0.5550636672973632,0.5
a1216e62d039bf63a539bbe718536ec789a853dd,0,0.4097511124610901,0.5
a150d122b6bdb84df532057aa3b2faf8c6485792,1,0.864487464427948,1.0
a1766a4fd83befa0b34d932d532e7ebb7fab1fa7,0,0.0933179475367069,0.0
a1766a4fd83befa0b34d932d532e7ebb7fab1fa7,0,0.0933179475367069,0.0
a1766a4fd83befa0b34d932d532e7ebb7fab1fa7,0,0.1283179475367069,0.0
a1766a4fd83befa0b34d932d532e7ebb7fab1fa7,0,0.1283179475367069,0.0
a19d48f7c5d57c0f0405a7d4334d1d38fe9d3c1c,0,0.18804250091314315,0.0
a19d48f7c5d57c0f0405a7d4334d1d38fe9d3c1c,0,0.18804250091314315,0.0
a19d48f7c5d57c0f0405a7d4334d1d38fe9d3c1c,0,0.19304250091314315,0.0
a19d48f7c5d57c0f0405a7d4334d1d38fe9d3c1c,0,0.19304250091314315,0.0
a1a825ab6a60380240ca136596732fdb80bad87a,1,0.8670803606510162,1.0
a1a825ab6a60380240ca136596732fdb80bad87a,1,0.8670803606510162,1.0
a1a825ab6a60380240ca136596732fdb80bad87a,1,0.8670803606510162,1.0
a1a825ab6a60380240ca136596732fdb80bad87a,1,0.8670803606510162,1.0
a222a6470d7eea91193946e8162066fa88da64c2,0,0.2580100703239441,0.0
a231707a91f323af1e5d9f1722055ec2fc1c7775,0,0.19168496936559676,0.0
a23c14b062d8800a2192077d83273bbfe6c7552d,0,0.14517241053283209,0.0
a251d6576d2a29fc0806ef4775719e3b6e672d91,1,0.9464799928665162,1.0
a26dc49df37e996876f50a0210039b2d211fdd6f,0,0.5639673447608948,0.5
a26ff37e624d12e28077e5b24d2b264f62764ad6,0,0.1140567874908447,0.0
a282967c848fb1d92c28334430c472da9c334e54,1,0.9172279000282287,1.0
a282a2f10539dce2aa619e71e1817570d557fc97,0,0.19866447344422342,0.0
a284f09effea1908db7985dbfb5458c9100038d8,1,0.5534894502162933,1.0
a2965c7be0522eaa18808684b7b82b248515511b,0,0.13535348832607264,0.0
a2b28708b645c5632dc93669ab06e97874c8244f,0,0.09838654711842534,0.0
a2bc47c43e70cf904b1af49f76d572326c08bca7,0,0.1254265613853931,0.0
a2db328b0839312c169eb42746ec46fc1ab53ed2,0,0.2825836685299873,0.0
a2e459555c5f9da3e619b7e47a63f98574dc75f1,1,0.6528281772136688,1.0
a309c7194e8a2f8bd4539b9449917913f6c2cd50,0,0.9204408693313598,1.0
a34acf30b19bc4ee3ba2f1082756ea2604c19138,0,0.1233612450957298,0.0
a362bb864b8db4861977d00bd2c3222503ccc34b,0,0.5822110652923584,1.0
a368ecde8a5055b627749b09c6218ef793043e47,0,0.23542144447565075,0.0
a37cd2a59d0cb270b1bba568fd3a3b8668b9d3ba,0,0.0742171960324049,0.0
a37cd2a59d0cb270b1bba568fd3a3b8668b9d3ba,0,0.0742171960324049,0.0
a37cd2a59d0cb270b1bba568fd3a3b8668b9d3ba,0,0.0942171960324049,0.0
a37cd2a59d0cb270b1bba568fd3a3b8668b9d3ba,0,0.0942171960324049,0.0
a3ff29a95fde16906304455aa8c0bd84eb770258,1,0.7197243452072144,1.0
a43bdc376deab5fff1ceb93dca55bcab8dbdc1d6,0,0.1146424302458763,0.0
a43bdc376deab5fff1ceb93dca55bcab8dbdc1d6,0,0.1146424302458763,0.0
a43bdc376deab5fff1ceb93dca55bcab8dbdc1d6,0,0.1046424302458763,0.0
a43bdc376deab5fff1ceb93dca55bcab8dbdc1d6,0,0.1046424302458763,0.0
a45835a0bb6ef7d5ddbc0714dd760de979cb6ece,0,0.1046306802332401,0.0
a4639380bbe66172df329f8b54aa7d2e943f0f64,0,0.08808376528322695,0.0
a4639380bbe66172df329f8b54aa7d2e943f0f64,0,0.08808376528322695,0.0
a4639380bbe66172df329f8b54aa7d2e943f0f64,0,0.10308376528322695,0.0
a4639380bbe66172df329f8b54aa7d2e943f0f64,0,0.10308376528322695,0.0
a498df5421fd737d11bfd152428ba6b1c8538321,0,0.13205800279974933,0.0
a4ad4f748ea96202451f88b6385d7283d0f2e513,1,0.8838933551311493,1.0
a4ca369ca221bb7e06c725792ac107f0e48e82e7,0,0.06444867126643655,0.0
a4e430c8c8ba96be8c6ec4f2eb108bb8bcbee069,1,0.63281116604805,1.0
a4e772898f8bf2e7e1cf661a12c60a5612c4afab,0,0.3801134383678436,0.0
a509702cac95a8b450228a037c8542f57e538e5b,0,0.513774282336235,0.5
a51c7663f144606a5f08e772fa3e1e4f2277a614,1,0.6841340517997742,0.5
a54fc09e4cba3004443aa05979f8c678196c8226,1,0.8985175514221192,1.0
a5a923038d70d2d4a86cb4e3f32625a5ee6e7e24,1,0.14982873678207395,0.0
a5b862c6a221459d54e494e88965b48dcfa6cc44,0,0.5495234048366546,0.5
a5bf3cfce8cb77d9d24613ab52d520896f83dd48,1,0.9270297062397004,1.0
a5ef7d68cea1344cf524f04981c2b3f80bedbb0d,0,0.12390839070081709,0.0
a5ef7d68cea1344cf524f04981c2b3f80bedbb0d,0,0.12390839070081709,0.0
a5ef7d68cea1344cf524f04981c2b3f80bedbb0d,0,0.0889083907008171,0.0
a5ef7d68cea1344cf524f04981c2b3f80bedbb0d,0,0.0889083907008171,0.0
a61ea561c87139992fe32afdee48a6f6b85d824a,1,0.7901493346691131,1.0
a632b2a4c920ce5af29410fb091f7ee6d2e77dc6,1,0.7567087149620055,1.0
a638b0461b58aa3205cd9d5f14d6f703d795b4af,0,0.3431215941905975,0.0
a6559cc1d35d3eeafb0296aca347b2f745a28a74,1,0.3851000681519508,0.5
a659daf63d16aa883be42f3f34ff84235c302198,0,0.04524913322180506,0.0
a664ec9158eeddd75121d39c9a0758016097fa96,0,0.16120974883437156,0.0
a68e564adcaa69b0930809fb64d9d5f7d9c32ba9,0,0.8872975075244904,1.0
a69839d4327d053b18d8e1b0e7ddeee78db78f4f,1,0.9763941323757173,1.0
a6b40850c442bf996e729e1d441d3dbc37cea171,1,0.8551423871517181,1.0
a6c11c0a5235fb144a65e0cb2ffd360ddc1f6c32,0,0.5516001582145691,0.5
a6fcd19d7eac1335eb76bc16b6a66b7f574d1d69,0,0.6148928725719451,1.0
a769b05eeed7accc4019a1ed9799dd72067f1ce8,0,0.1157227662950754,0.0
a76c0b31eef50fdb8b21d53a6d050f59241fb88e,1,0.13395953893661494,0.0
a7b38c7852093385d0605aa3c8a2efd6edd1edfd,0,0.13075777173042294,0.0
a7c41b4687f5902af70cd559806990930c8a307b,1,0.8780432319641114,1.0
a7e1ac7bdc5af91af2d52e6269fdbd92fe9ee353,1,0.9470012986660004,1.0
a7e4c6a3031c74078dba7fa36239d0f4fe476c53,0,0.10161743715405461,0.0
a7f8dedb4be2cc930a29af24427b885405ecd15d,1,0.8357320988178254,1.0
a7f8dedb4be2cc930a29af24427b885405ecd15d,1,0.8357320988178254,1.0
a7f8dedb4be2cc930a29af24427b885405ecd15d,1,0.9207320988178254,1.0
a7f8dedb4be2cc930a29af24427b885405ecd15d,1,0.9207320988178254,1.0
a81c98bfa40c11f8ea79b5a9b3f5fda73bfbb4d2,0,0.18404815807938577,0.0
a82dfd33d1237f6c0fb8a7077022189d1fc7ec98,1,0.9387445914745332,1.0
a833a17aeac73b33f79433d7cee68d5cafd71e4f,1,0.14777100145816802,0.0
a833a17aeac73b33f79433d7cee68d5cafd71e4f,1,0.14777100145816802,0.0
a833a17aeac73b33f79433d7cee68d5cafd71e4f,1,0.227771001458168,0.0
a833a17aeac73b33f79433d7cee68d5cafd71e4f,1,0.227771001458168,0.0
a83e1385b780d41307433ddbc86e3c528db031f0,0,0.23647127628326414,0.0
a86a42ac2bd652fdc7836a9d880c306a2485c142,1,0.7211879706382751,1.0
a8b0026847b8c43445c921ad2c85521c92eb175f,1,0.7454828906059265,1.0
a8b0026847b8c43445c921ad2c85521c92eb175f,1,0.7454828906059265,1.0
a8b0026847b8c43445c921ad2c85521c92eb175f,1,0.7354828906059265,1.0
a8b0026847b8c43445c921ad2c85521c92eb175f,1,0.7354828906059265,1.0
a8b537605e22bfe277e666727fa0e9e01f2c729b,1,0.9250041770935058,1.0
a8bd68e4329f9a0ad1b878733e0f80be6a971649,0,0.2785434478521347,0.0
a8ca9fc9134c1a43e6d4db7ff59496bbd7075def,1,0.2750658160448074,0.0
a8ca9fc9134c1a43e6d4db7ff59496bbd7075def,1,0.2750658160448074,0.0
a8ca9fc9134c1a43e6d4db7ff59496bbd7075def,1,0.2650658160448074,0.0
a8ca9fc9134c1a43e6d4db7ff59496bbd7075def,1,0.2650658160448074,0.0
a8cf95f93610eb8282f8b6d0117ba78b74588d6b,1,0.23462832793593408,0.0
a8eb3de28e7a365690c61161e7a07a4fc7c60bbf,0,0.06985514163970945,0.0
a90d4471146de21745980cba51ce88e7926bcc4f,0,0.24712653413414956,0.0
a91ff09d39f9b6545254839ac91f1ff7bd21d39e,1,0.9373339533805847,1.0
a940904443e432623579245babe63e2486ff327b,1,0.9610224032402038,1.0
a957cbc02531a23beeac6dd9e751f8d4dadaf7a9,1,0.887576334476471,1.0
a96202acaea47fa8377088e0952bb63bd02a3bab,1,0.9394018471240998,1.0
a986fa57fd81a1430e00b3c6cf8a325d6f894a63,0,0.1642497533559799,0.0
a9b9741854a9fe9df948af49ca5514e0ed0429df,0,0.22112762749195097,0.0
a9bf3efc33f1fbf88787a277f7349459283c9b95,0,0.257341932952404,0.0
a9e1ddc09ca55746079cc479aa3eb6411f0d99d4,0,0.33589154094457624,0.5
a9f07790a4b2250f0140e9a61c7f842fd9b618c7,0,0.0625329655408859,0.0
a9f07790a4b2250f0140e9a61c7f842fd9b618c7,0,0.0625329655408859,0.0
a9f07790a4b2250f0140e9a61c7f842fd9b618c7,0,0.0925329655408859,0.0
a9f07790a4b2250f0140e9a61c7f842fd9b618c7,0,0.0925329655408859,0.0
aa184e8671f0f911fc2fb3f68cd506e4d7838faa,1,0.11001447990536689,0.0
aa371e96f05dcb36a88298f5cb70aa7234d5e8b8,1,0.6958285474777222,1.0
aa49c90894d06e18a1ee7c095edbd2f37c232d02,0,0.13451212167739865,0.0
aa4faf6eb27132532d5a133d9241254c16d4bafa,1,0.5917682516574859,0.5
aa5465aeca3c66fecdf7efcf554aed79b4c4b211,0,0.09820935204625125,0.0
aa6313e6ff2bfbf736a2739047bba355d8241584,1,0.8534358727931977,1.0
aa6313e6ff2bfbf736a2739047bba355d8241584,1,0.8534358727931977,1.0
aa6313e6ff2bfbf736a2739047bba355d8241584,1,0.8434358727931976,1.0
aa6313e6ff2bfbf736a2739047bba355d8241584,1,0.8434358727931976,1.0
aa7253c2393f6dcd6a1468b0792f6da76edad917,0,0.0866720847971737,0.0
aaab47f204aaf47838241d57bf8662c8840de60a,0,0.5977563107013703,1.0
aaab47f204aaf47838241d57bf8662c8840de60a,0,0.5977563107013703,1.0
aaab47f204aaf47838241d57bf8662c8840de60a,0,0.5677563107013702,0.5
aaab47f204aaf47838241d57bf8662c8840de60a,0,0.5677563107013702,0.5
aad11473f8f4be3df86461081ce35ec5b145ba68,0,0.18871311277151104,0.0
ab0fc21bc7105b54bafd85bd8b82742f9e68898a,0,0.288674781024456,0.0
ab11dac93d2d568d151b1918d7b84c2d02bacbd5,0,0.20250435829162594,0.0
ab125ed3ec1c10ccc36bc98c7a4256ad114a3dae,0,0.2360531547665596,0.0
ab125ed3ec1c10ccc36bc98c7a4256ad114a3dae,0,0.2360531547665596,0.0
ab125ed3ec1c10ccc36bc98c7a4256ad114a3dae,0,0.1910531547665596,0.0
ab125ed3ec1c10ccc36bc98c7a4256ad114a3dae,0,0.1910531547665596,0.0
ab327f8acdf8d06601fbf058859a539a9422afff,1,0.31679811298847194,0.0
ab4750332dbe535243def5dcebc24ca00c1f98ac,1,0.4617709571123123,0.0
ab4750332dbe535243def5dcebc24ca00c1f98ac,1,0.4617709571123123,0.0
ab4750332dbe535243def5dcebc24ca00c1f98ac,1,0.4817709571123123,0.5
ab4750332dbe535243def5dcebc24ca00c1f98ac,1,0.4817709571123123,0.5
ab9e0c529eb7cafebdd31fe1644524e80a48b05d,0,0.16020762860774992,0.0
aba2be41470a11629c8378c3651323d7e5416df6,1,0.5162156283855438,0.5
aba6ab57a910ad4b940c2024d15f2cdbf5b7f76b,0,0.22911519765853883,0.0
aba6ab57a910ad4b940c2024d15f2cdbf5b7f76b,0,0.22911519765853883,0.0
aba6ab57a910ad4b940c2024d15f2cdbf5b7f76b,0,0.23411519765853883,0.0
aba6ab57a910ad4b940c2024d15f2cdbf5b7f76b,0,0.23411519765853883,0.0
abcc506a9a71976a8b4c9bf3ee6efd13229c1e19,1,0.47188867509365084,0.5
ac0a230f719b02432d8c7eba7615ebd691da86f4,0,0.24849705040454864,0.0
ac16667237a82e2597e329eb9bc520d1cf9dff30,0,0.1960293924808502,0.0
ac16667237a82e2597e329eb9bc520d1cf9dff30,0,0.1960293924808502,0.0
ac16667237a82e2597e329eb9bc520d1cf9dff30,0,0.21602939248085018,0.0
ac16667237a82e2597e329eb9bc520d1cf9dff30,0,0.21602939248085018,0.0
ac3c0d36a2a2f7a8f9778faef3f2639f5bf29d44,1,0.856545752286911,1.0
ac4893980bbe79ce383daf9a0885666a30fe4c83,0,0.06527872055768966,0.0
ac60778b87e45576d7bfdbd6f53df902654e6f09,0,0.15067511320114135,0.0
acac270d09828edda2d530d255ee75ceb87583ec,1,0.9686416494846344,1.0
acd09ac253b5de8fd79fc61a482ee19154914c7a,0,0.1344836775958538,0.0
ad0bd973a033003ca578c42a760d1dc77aeea15e,0,0.06062874402850865,0.0
ad90d0358bd3b4554f243a425168fc7cebe7d04e,0,0.0689414212107658,0.0
ad90d0358bd3b4554f243a425168fc7cebe7d04e,0,0.0689414212107658,0.0
ad90d0358bd3b4554f243a425168fc7cebe7d04e,0,0.09394142121076579,0.0
ad90d0358bd3b4554f243a425168fc7cebe7d04e,0,0.09394142121076579,0.0
adc539784c98a7cc602cbf557debfc2e7b9be8b3,0,0.31898570477962496,0.0
adec57ff8e66aee632f3dd1f93787c13d112b7a1,0,0.15131368935108186,0.0
adf0398cee86643b8eacde95f17d073d022f782c,0,0.08718793820589779,0.0
adf505457032c11b79b5a7c277c62ff5d61b17c2,1,0.17732642635703083,0.0
ae1aadb1eb8d3cbc52e42bee71d67bd4a71f9f07,1,0.25492511928081507,0.0
ae1aadb1eb8d3cbc52e42bee71d67bd4a71f9f07,1,0.25492511928081507,0.0
ae1aadb1eb8d3cbc52e42bee71d67bd4a71f9f07,1,0.2749251192808151,0.0
ae1aadb1eb8d3cbc52e42bee71d67bd4a71f9f07,1,0.2749251192808151,0.0
ae219872834a32da88408a92a4b4745c11f5a7ce,1,0.8727832973003389,1.0
ae4d721ce10057a4aa9f0d253e0d460518a9ef75,1,0.9736941957473755,1.0
ae7d2346dc89ae89a6e0aabe6037591a11e593c0,1,0.9240770065784454,1.0
aea27a92a41dae14843f92c79e9e42d8f570105c,0,0.14380283832550045,0.0
aebe9f4639b13a1f4e9a6b42cdd2e38c617b442d,0,0.06243270374834535,0.0
aed5ed595960c6d301dcd4ed31aeaa7a8054c0c6,0,0.2861079826951026,0.0
aed5ed595960c6d301dcd4ed31aeaa7a8054c0c6,0,0.2861079826951026,0.0
aed5ed595960c6d301dcd4ed31aeaa7a8054c0c6,0,0.30610798269510264,0.0
aed5ed595960c6d301dcd4ed31aeaa7a8054c0c6,0,0.30610798269510264,0.0
aee2424246f9f1dadc33faa78990c1e2eb7826e4,0,0.12446390271186825,0.0
aef7a0300047e7b4707ea0411dc9597cba108fc8,0,0.18823226809501645,0.0
aef7a0300047e7b4707ea0411dc9597cba108fc8,0,0.18823226809501645,0.0
aef7a0300047e7b4707ea0411dc9597cba108fc8,0,0.16323226809501645,0.0
aef7a0300047e7b4707ea0411dc9597cba108fc8,0,0.16323226809501645,0.0
af1689a9b7701d9907dfc84d2a4b57c4bc907144,0,0.6867751538753509,0.5
af1689a9b7701d9907dfc84d2a4b57c4bc907144,0,0.6867751538753509,0.5
af1689a9b7701d9907dfc84d2a4b57c4bc907144,0,0.676775153875351,0.5
af1689a9b7701d9907dfc84d2a4b57c4bc907144,0,0.676775153875351,0.5
af19487f00f34ff8643921d7909dbb3fedc7e329,1,0.7909931898117065,1.0
af20bb73ac2591631d504f3f859f073bcdb7e11e,1,0.8765306413173677,1.0
af42269c3523492d71ebbe11fefae2653e9cdc78,1,0.1314886087179184,0.0
af4a25bbe5e7e60ff696ef5c1ec48ab2d51c17c6,1,0.6369116044044494,0.5
af64e3e1537896337405f880c1e9ac1f8c0c6198,0,0.15604841738939285,0.0
af6d10345ca76670c1b7c37799f0d5576ccef277,0,0.35899857938289637,0.0
af73483f4e8b6f5c68c9aa63257bdd929a9c194a,0,0.45445167779922485,0.5
af73483f4e8b6f5c68c9aa63257bdd929a9c194a,0,0.45445167779922485,0.5
af73483f4e8b6f5c68c9aa63257bdd929a9c194a,0,0.44945167779922485,0.5
af73483f4e8b6f5c68c9aa63257bdd929a9c194a,0,0.44945167779922485,0.5
af77c4fc1871847b528d58b7fdafb4aa1f6a9262,0,0.21284339964389798,0.0
af9a8730ddb6a4b2edd779ccc0aceb994d616830,0,0.16915780827403065,0.0
af9bcf910b1f86244f39e15e701b2dc564b469a6,0,0.6873034727573395,1.0
afce71ff6daa9c0f852df0727fe32c6fb107f0fa,0,0.24903393268585206,0.0
afe6fcb9775882230cd29b529203eabd5d2a638d,0,0.22438426017761232,0.0
afe6fcb9775882230cd29b529203eabd5d2a638d,0,0.22438426017761232,0.0
afe6fcb9775882230cd29b529203eabd5d2a638d,0,0.1993842601776123,0.0
afe6fcb9775882230cd29b529203eabd5d2a638d,0,0.1993842601776123,0.0
affc18fdc694190ca7575b9a86632a73b9fe043d,0,0.13914662718772886,0.0
b006847222623ac3cda8589d15379eac86a2bcb7,1,0.460174902677536,0.5
b006847222623ac3cda8589d15379eac86a2bcb7,1,0.460174902677536,0.5
b006847222623ac3cda8589d15379eac86a2bcb7,1,0.47517490267753604,0.5
b006847222623ac3cda8589d15379eac86a2bcb7,1,0.47517490267753604,0.5
b0077e269f6c152e807fdac90b58caf012cdbaab,0,0.5087014782428741,1.0
b0077e269f6c152e807fdac90b58caf012cdbaab,0,0.5087014782428741,1.0
b0077e269f6c152e807fdac90b58caf012cdbaab,0,0.49870147824287414,0.5
b0077e269f6c152e807fdac90b58caf012cdbaab,0,0.49870147824287414,0.5
b01e1c030770ff3b4fe37fc7cc6bca03f594133f,0,0.22319007858633996,0.0
b0327c84e91a0f4f0abced8cb83ec86a7083f086,0,0.09788104012608526,0.0
b0327c84e91a0f4f0abced8cb83ec86a7083f086,0,0.09788104012608526,0.0
b0327c84e91a0f4f0abced8cb83ec86a7083f086,0,0.13788104012608524,0.0
b0327c84e91a0f4f0abced8cb83ec86a7083f086,0,0.13788104012608524,0.0
b04e75a4a8a81887386a0d2dbf605a48e779d2a0,0,0.7625167500972747,1.0
b0576ade3aaf24b376ea1a4406ae138e2a22b0c0,0,0.1056438536942005,0.0
b09c1fff5a9350a65b16af44e74c9f9335d9ef09,1,0.960456610918045,1.0
b0b0d811eac6b4c52cb9ad632fa6384cf48869e7,0,0.46969544053077694,0.5
b0b0d811eac6b4c52cb9ad632fa6384cf48869e7,0,0.46969544053077694,0.5
b0b0d811eac6b4c52cb9ad632fa6384cf48869e7,0,0.519695440530777,1.0
b0b0d811eac6b4c52cb9ad632fa6384cf48869e7,0,0.519695440530777,1.0
b0c9a26435413b81799047a7be53255640432547,0,0.10245173662900925,0.0
b0defa7ae03ecf91b8bfd10ede430cff12fcbd06,1,0.38184069633483886,0.5
b12fece4c64857e5fab4290bf01b2e0317a88456,0,0.2335430100560188,0.0
b17d19a5314a37f7197afd1a0200affd21a7227d,1,0.7690212452411652,1.0
b1904ed480cee3f9f4036ea0e36d139cb5fee2d6,0,0.39422645688056945,0.5
b1904ed480cee3f9f4036ea0e36d139cb5fee2d6,0,0.39422645688056945,0.5
b1904ed480cee3f9f4036ea0e36d139cb5fee2d6,0,0.3642264568805694,0.5
b1904ed480cee3f9f4036ea0e36d139cb5fee2d6,0,0.3642264568805694,0.5
b195acf5266d2dee4067f89345c3e6b88d925311,1,0.749910888671875,1.0
b1a2cd50c0357f243b7435a732b4e62ba3157a2e,0,0.1508233346790075,0.0
b1e34d325397a33d97d845e312d7cf2a8b646b44,0,0.10860842004418371,0.0
b1f7810b05d1950350ac2e06992982974343e441,0,0.22829031229019164,0.0
b1fc44eaa9ba31e28c4125d6b9205a3582b47b5d,1,0.7687878584861756,1.0
b20c2fb45470d0c7a603613c9cfa5d45720e17f2,0,0.46730215787887575,0.5
b217127e5e4ee0ecfce7c5f84cfe082238123bda,1,0.9524383807182313,1.0
b279df242972ae816a75cf1cc732af836f999100,1,0.8019199991226196,1.0
b2b000069a4c307b09548dc2243f31f3ca0eac9c,0,0.3345149064064025,0.0
b2b000069a4c307b09548dc2243f31f3ca0eac9c,0,0.3345149064064025,0.0
b2b000069a4c307b09548dc2243f31f3ca0eac9c,0,0.20451490640640255,0.0
b2b000069a4c307b09548dc2243f31f3ca0eac9c,0,0.20451490640640255,0.0
b2d03cabe2b2e150ff5a381731ea0355459be09f,0,0.2156017119437456,0.0
b2e9dfe54be4d023124d588d6f03d16a9c0d2507,1,0.8188188934326173,1.0
b302dce3d9edea5b93d1902a541684a967f3c63c,0,0.15143034845590592,0.0
b302dce3d9edea5b93d1902a541684a967f3c63c,0,0.15143034845590592,0.0
b302dce3d9edea5b93d1902a541684a967f3c63c,0,0.17643034845590588,0.0
b302dce3d9edea5b93d1902a541684a967f3c63c,0,0.17643034845590588,0.0
b319940f83c21bb4c1fabffe68a862be879a6193,1,0.6615959167480469,0.5
b31c7e78086127a7fcaa761e8d336ee855a920c6,0,0.18935408696532247,0.0
b320d6c456ff2aa43491654407d448bcfa58ac9f,1,0.8014345335960389,1.0
b353eb6dc285a0775a447f53e5b2a50bf3f9684f,1,0.1682283678650856,0.0
b37b98a3a0c1198bafe8c2d9ce0bc845b4e7a9a7,0,0.8221865558624268,1.0
b39f2d10b86d0af353ea339e5815820026bca48f,0,0.6942064905166626,1.0
b39f2d10b86d0af353ea339e5815820026bca48f,0,0.6942064905166626,1.0
b39f2d10b86d0af353ea339e5815820026bca48f,0,0.6542064905166626,1.0
b39f2d10b86d0af353ea339e5815820026bca48f,0,0.6542064905166626,1.0
b3a3b0255797e1d395253366ba24a4cc6c8bdf9c,1,0.3576431632041931,0.0
b3a58f3b90f564f42a5c35778d8c5107b2c2150b,0,0.15271688286215065,0.0
b3b088e28183b84080b7f0a0b8da84ec42b4b0e8,1,0.6101082730293274,0.5
b3cb7a830a24527877b0bc900b9bd74a96aea928,0,0.8212014782428741,1.0
b3cb7a830a24527877b0bc900b9bd74a96aea928,0,0.8212014782428741,1.0
b3cb7a830a24527877b0bc900b9bd74a96aea928,0,0.8462014782428742,1.0
b3cb7a830a24527877b0bc900b9bd74a96aea928,0,0.8462014782428742,1.0
b3d26c5702c7d6c45456326e56d2ccf3f103e60f,0,0.15394473314285276,0.0
b3d40c3ec3dc4ad78017de6c3a38979f57aaaab8,0,0.3675117057561874,0.0
b3dc6e8003b500861fa307e9a3400c52e78e4d3a,0,0.17123024970293044,0.0
b3e7b3a6ee92ab927f750a6b19615ce88ece808f,1,0.46111994206905366,0.5
b3fc79225f055af7ef48b47a90752c31cc062e6e,1,0.6425553441047668,0.5
b4a3a89fffcdf09702b1f161b914e52abca1894d,0,0.11058122947812081,0.0
b4b4fda34e535756f9e774fb2d09c4537b7dfd1c,0,0.2752509295940399,0.0
b4bd556467477420ee3a91fbcba73c579669edc6,0,0.46738793611526486,0.5
b505e0319852b08a3a716b64620168eab21f4ced,0,0.1407926051318645,0.0
b51b75f0604f17c0f6f3b6f68f1a521a5cc6b04f,0,0.17899145826697344,0.0
b5357cb268c41b4e2b7383d2759fc562f5b58c33,1,0.0925485277920961,0.0
b53e9758a31c683fc8615df930262192ed5f034b,0,0.5079952943325042,0.5
b53e9758a31c683fc8615df930262192ed5f034b,0,0.5079952943325042,0.5
b53e9758a31c683fc8615df930262192ed5f034b,0,0.48799529433250427,0.5
b53e9758a31c683fc8615df930262192ed5f034b,0,0.48799529433250427,0.5
b561275d633bcd8e0e8055ab86f1a13df75a0269,0,0.081006408855319,0.0
b56329a782314fde5b61058e2a25097af7ccb675,0,0.3491263020038604,0.0
b58652db66c910c2245f5bee7deca41c12d707b9,0,0.08216155886650084,0.0
b5ba474f3f518701249598b35c581b92a3c95b48,1,0.8484314906597137,1.0
b5ba474f3f518701249598b35c581b92a3c95b48,1,0.8484314906597137,1.0
b5ba474f3f518701249598b35c581b92a3c95b48,1,0.8834314906597138,1.0
b5ba474f3f518701249598b35c581b92a3c95b48,1,0.8834314906597138,1.0
b5d14b0c6716fad7f0c94ac6e1d6f60a49f985c7,0,0.24192869275808335,0.0
b5efb63acf7bddaf20eacfcac654c25c446eabe8,0,0.1027911214902997,0.0
b5fbf924f125ba3638cfdc21c0515eb7e76264ca,0,0.14751434758305546,0.0
b62e71be2110d8b52bf5faf3c3ed7ca1a0c113a5,1,0.9158907556533814,1.0
b63db58e2fa5d6963db9c45df88e60060f0ff35f,1,0.6139755201339722,0.5
b63e78fca889e07931ec8f259701718a24e5052e,1,0.7546205163002014,1.0
b67fbebd4cf980aecbcc750e1462128bffe8ae15,0,0.45565988540649416,0.5
b6d972f6898308fbe7e693bf8d44ebfdb1cd2dc4,1,0.16839698538184167,0.0
b6e02c6b0377d4339986e07aeb696c632cd392aa,0,0.055140282101929144,0.0
b6ee896385380aa621102e8ea402ba12db1cabff,0,0.1921036887168884,0.0
b6f25c3b94f2aadbf5cbef954db4073614943d74,0,0.1199968189001083,0.0
b719a9c15d52d4f56bdea8241a5d90fd9197ce99,0,0.3420396649837494,0.0
b719a9c15d52d4f56bdea8241a5d90fd9197ce99,0,0.3420396649837494,0.0
b719a9c15d52d4f56bdea8241a5d90fd9197ce99,0,0.3370396649837494,0.0
b719a9c15d52d4f56bdea8241a5d90fd9197ce99,0,0.3370396649837494,0.0
b71f4ade1b8900d30c661d6c27f87c35214c398c,0,0.06704167552292345,0.0
b71f4ade1b8900d30c661d6c27f87c35214c398c,0,0.06704167552292345,0.0
b71f4ade1b8900d30c661d6c27f87c35214c398c,0,0.14704167552292344,0.0
b71f4ade1b8900d30c661d6c27f87c35214c398c,0,0.14704167552292344,0.0
b739a5bd9d9f18cc69dced8db128ef7206e000cd,1,0.9218835759162902,1.0
b794918961516f667b0c745aebdfebbb8a98df39,0,0.17736799389123914,0.0
b795fb9f5861ee256070d59e33130980a01fadd7,0,0.3564564102888107,0.0
b795fb9f5861ee256070d59e33130980a01fadd7,0,0.3564564102888107,0.0
b795fb9f5861ee256070d59e33130980a01fadd7,0,0.3464564102888107,0.0
b795fb9f5861ee256070d59e33130980a01fadd7,0,0.3464564102888107,0.0
b7adbf9ada3513d2092362c8eac5cddc5b651f5c,0,0.30820713281631473,0.0
b7c81f80246fac44077166f3e07103affe6db8ff,0,0.1411771999299526,0.0
b7cdf1dd5d2a2d8200efd98d1893684db48fe134,0,0.13176780894398685,0.0
b7d7f11a291830fdf69d3301075dd0fb347ced84,0,0.31095079004764553,0.0
b7df41a6f79dfb18ba2203f8c5f0e9c0b9b57f68,0,0.0354273938387632,0.0
b7f1f7b2523a6a4382f12fe953380b847b80e09d,1,0.9050854814052582,1.0
b805cafc604bfdb671fae7347a57f51154afa735,0,0.30123795986175533,0.0
b805cafc604bfdb671fae7347a57f51154afa735,0,0.30123795986175533,0.0
b805cafc604bfdb671fae7347a57f51154afa735,0,0.2962379598617554,0.0
b805cafc604bfdb671fae7347a57f51154afa735,0,0.2962379598617554,0.0
b80b829e9e2c1b3f7aae34855e04d8f6ecaf13c8,0,0.06879206299781795,0.0
b80e31baa43614e086a9d29dc1151932b1bd7fc5,0,0.09550913952291011,0.0
b80e31baa43614e086a9d29dc1151932b1bd7fc5,0,0.09550913952291011,0.0
b80e31baa43614e086a9d29dc1151932b1bd7fc5,0,0.1055091395229101,0.0
b80e31baa43614e086a9d29dc1151932b1bd7fc5,0,0.1055091395229101,0.0
b817e22b2e91257ace32a6768c3c003faeaa1c5c,1,0.691635856628418,1.0
b817e22b2e91257ace32a6768c3c003faeaa1c5c,1,0.691635856628418,1.0
b817e22b2e91257ace32a6768c3c003faeaa1c5c,1,0.7266358566284179,1.0
b817e22b2e91257ace32a6768c3c003faeaa1c5c,1,0.7266358566284179,1.0
b82681042724924ae3ba0f2f2eeec217fa31e830,0,0.1240222355723381,0.0
b82681042724924ae3ba0f2f2eeec217fa31e830,0,0.1240222355723381,0.0
b82681042724924ae3ba0f2f2eeec217fa31e830,0,0.10402223557233811,0.0
b82681042724924ae3ba0f2f2eeec217fa31e830,0,0.10402223557233811,0.0
b82a8dbd3d2f4563156f7150c6f2ecab6e960b30,0,0.679864890575409,1.0
b82a8dbd3d2f4563156f7150c6f2ecab6e960b30,0,0.679864890575409,1.0
b82a8dbd3d2f4563156f7150c6f2ecab6e960b30,0,0.7098648905754089,1.0
b82a8dbd3d2f4563156f7150c6f2ecab6e960b30,0,0.7098648905754089,1.0
b84a8aba806261d2f759ccedf4a2a6a80a5e55ba,0,0.10046932023018594,0.0
b854b4ee66437e6e1622fda90529c814978cb4ca,0,0.21494226694107055,0.0
b86762dbe19a62e785c189f313cda5b989931f37,0,0.11093423448503015,0.0
b870e73a56c4cccbec33224233eaf295839f228c,0,0.24443125993013382,0.0
b880018edd3a577e50366338194dee9b899947e0,0,0.0770894910395145,0.0
b88baab828713ce0b49b185444b2ee83bed373a8,1,0.9724307513237,1.0
b8c75e4a1b325ea0a9433fa8834be97b5836b946,0,0.15148386254906648,0.0
b8caf69a6946e18ffebad49847e258f5b6d52ac2,0,0.32562154948711397,0.0
b8ec754ae4c563f6aab8c0cb47aeb2eae67f1da3,1,0.7802229869365692,1.0
b90d77e5fd784ada62ddd714d15ee2400c28e1cf,0,0.3314760667085648,0.0
b91c3e4ea756b12b7d992529226edce1cfd854d7,1,0.927564686536789,1.0
b92e358757b91c2827af112cae9af513f26a3f34,1,0.2726420450210571,0.0
b9364eed9232f3d2a846f68c2307eb25c93cc2d0,1,0.7703466045856475,1.0
b938790e70540bf4f2e653dcd74b232494d06c8f,0,0.3393586003780365,0.0
b938790e70540bf4f2e653dcd74b232494d06c8f,0,0.3393586003780365,0.0
b938790e70540bf4f2e653dcd74b232494d06c8f,0,0.3343586003780365,0.0
b938790e70540bf4f2e653dcd74b232494d06c8f,0,0.3343586003780365,0.0
b93fb4405fcb5112c5739c5349afb52ec7f15c07,0,0.17678850173950195,0.0
b96a225377b6602299a03d2ce3c289b68cd41bb7,0,0.2968198394775391,0.0
b9703ed44ffbfba85c103b9de01886a225e14b38,1,0.943348811864853,1.0
b988b1bb0053c0dcd26187d29ef07566a565cf55,0,0.07475743286311626,0.0
b988b1bb0053c0dcd26187d29ef07566a565cf55,0,0.07475743286311626,0.0
b988b1bb0053c0dcd26187d29ef07566a565cf55,0,0.12975743286311625,0.0
b988b1bb0053c0dcd26187d29ef07566a565cf55,0,0.12975743286311625,0.0
b9cb9c45583b911e0db71d09caa6b56469eb2bdf,0,0.41991309374570845,0.5
b9cb9c45583b911e0db71d09caa6b56469eb2bdf,0,0.41991309374570845,0.5
b9cb9c45583b911e0db71d09caa6b56469eb2bdf,0,0.42991309374570846,0.5
b9cb9c45583b911e0db71d09caa6b56469eb2bdf,0,0.42991309374570846,0.5
b9ecbfa45516182cd062fecd286db7907ba84210,0,0.4348855495452881,0.5
ba27e9d2207784da748b19170a2e56bd7770bd81,0,0.16252860724925994,0.0
ba3c5574203034781ac4231acf117da917efcd2a,0,0.06462063066661355,0.0
ba3c5574203034781ac4231acf117da917efcd2a,0,0.06462063066661355,0.0
ba3c5574203034781ac4231acf117da917efcd2a,0,0.06962063066661356,0.0
ba3c5574203034781ac4231acf117da917efcd2a,0,0.06962063066661356,0.0
ba953a9d89a00c078b85f4b190bc1dde66fe16b5,0,0.0807269075512886,0.0
baa23a8d4360d981a49913841a726edede5cdd54,1,0.7227735006809235,1.0
bab2f5e8fd5d2f759db26b78d9db57412888f187,1,0.4519698917865753,0.0
bad267f9e18f8e9e628abd1811d2899b1735a4e1,1,0.5037887597084045,0.5
bae7cb5d68001a8d4ceec5964dda74bb9aab7220,1,0.956776466369629,1.0
bae7cb5d68001a8d4ceec5964dda74bb9aab7220,1,0.956776466369629,1.0
bae7cb5d68001a8d4ceec5964dda74bb9aab7220,1,0.9617764663696289,1.0
bae7cb5d68001a8d4ceec5964dda74bb9aab7220,1,0.9617764663696289,1.0
bafa6b4d95d97877baa61883ff90f7e374427fae,1,0.0945970533043146,0.0
bb32500fb9b78215e4ef6ee8b4345c5f5d7eafb4,0,0.5385852098464966,1.0
bb32500fb9b78215e4ef6ee8b4345c5f5d7eafb4,0,0.5385852098464966,1.0
bb32500fb9b78215e4ef6ee8b4345c5f5d7eafb4,0,0.5435852098464966,1.0
bb32500fb9b78215e4ef6ee8b4345c5f5d7eafb4,0,0.5435852098464966,1.0
bb3868033a4cccff7be57e9145f2117cbdc91c11,0,0.578429604768753,0.5
bb57f6705960bebeb832142ce9abf43220c3eab1,0,0.33817567646503444,0.0
bb57f6705960bebeb832142ce9abf43220c3eab1,0,0.33817567646503444,0.0
bb57f6705960bebeb832142ce9abf43220c3eab1,0,0.35817567646503445,0.0
bb57f6705960bebeb832142ce9abf43220c3eab1,0,0.35817567646503445,0.0
bb5ed01cd2428cd25b1c88a3a9cba87055eb289f,0,0.15877911180257795,0.0
bb6780aa5a1d99e86757c0c96bfae65a46cf839e,1,0.9361287379264832,1.0
bb7403655b3c3eb245d0ee330047cd3e20b3c4af,1,0.17323724776506422,0.0
bb7403655b3c3eb245d0ee330047cd3e20b3c4af,1,0.17323724776506422,0.0
bb7403655b3c3eb245d0ee330047cd3e20b3c4af,1,0.1532372477650642,0.0
bb7403655b3c3eb245d0ee330047cd3e20b3c4af,1,0.1532372477650642,0.0
bb76c6c274683c8570ad788f79d4b875bde0e458,0,0.28683913111686704,0.0
bbb73a103fbbed6f63cb738d3783261c4241b4b2,1,0.10595102578401566,0.0
bbfddb904df6f82a5948687a2d57766216b9bc0f,1,0.6031084752082825,1.0
bc08041b32abe6c9824f78735bac22018eabfc06,1,0.3475315523147583,0.0
bc08041b32abe6c9824f78735bac22018eabfc06,1,0.3475315523147583,0.0
bc08041b32abe6c9824f78735bac22018eabfc06,1,0.3475315523147583,0.0
bc08041b32abe6c9824f78735bac22018eabfc06,1,0.3475315523147583,0.0
bcbd771cd5d68c0c52567556097d75f9fc4e7cd6,0,0.17625200510025024,0.0
bcc87d978b834c298bbdd9c52454c5d0a946e97e,0,0.06625440245494245,0.0
bcca852027e5878aec911a347407ecc88d6fff7f,0,0.1792412933707237,0.0
bccdd808902f8c677317cec47c306e42b93b849e,0,0.29199605107307436,0.0
bccdd808902f8c677317cec47c306e42b93b849e,0,0.29199605107307436,0.0
bccdd808902f8c677317cec47c306e42b93b849e,0,0.28199605107307435,0.0
bccdd808902f8c677317cec47c306e42b93b849e,0,0.28199605107307435,0.0
bcfa48ff785bd121316592b131ff6531e3e696bb,0,0.21283363223075863,0.0
bd077259d0a9c9bf453e7e9751bf41f1996e6585,1,0.8921455609798432,1.0
bd07a98178462e7a02ed2bf7dec90a00944c1da5,0,0.7987428677082062,1.0
bd50a974097bb82d52a458bd3ee39fb723129a0c,0,0.13456075876951215,0.0
bd5b50b329e850d467e7bcc07b2b6bde3752fbda,0,0.08855999827384944,0.0
bd5b50b329e850d467e7bcc07b2b6bde3752fbda,0,0.08855999827384944,0.0
bd5b50b329e850d467e7bcc07b2b6bde3752fbda,0,0.12355999827384945,0.0
bd5b50b329e850d467e7bcc07b2b6bde3752fbda,0,0.12355999827384945,0.0
bd68ffce69f6cf8ddd3a3c32549d1d2275e49fc5,0,0.07618339285254475,0.0
bd68ffce69f6cf8ddd3a3c32549d1d2275e49fc5,0,0.07618339285254475,0.0
bd68ffce69f6cf8ddd3a3c32549d1d2275e49fc5,0,0.11118339285254475,0.0
bd68ffce69f6cf8ddd3a3c32549d1d2275e49fc5,0,0.11118339285254475,0.0
bd90c5cd339a9d7cdc609d2d6310b80dc697070d,1,0.6134972822666168,0.5
bdcb8aa434c6d36b5c215d02a9ef07551be25a37,0,0.20737480565905572,0.0
bdcb8aa434c6d36b5c215d02a9ef07551be25a37,0,0.20737480565905572,0.0
bdcb8aa434c6d36b5c215d02a9ef07551be25a37,0,0.10737480565905572,0.0
bdcb8aa434c6d36b5c215d02a9ef07551be25a37,0,0.10737480565905572,0.0
be03df3d4bfe7e8866d4aa43d62e648ffe884f5f,1,0.11782322280108924,0.0
be1684930f5262a622d40ce7a6f1423530d87f89,0,0.21351192653179168,0.0
be27cd64461c45a6088a91a04eba5cd44e1767ef,0,0.16840655744075775,0.0
be346c1a6eeb49d8fda827d2a9522124c2f72f36,0,0.3619019591808319,0.0
be3f3042391d061cfca2bd22630e0d101acea5fc,0,0.1808265236020088,0.0
be4a2a81b6b90d1a47eaeaace4cc8e2cb57b96c7,0,0.0879194967448711,0.0
be4fde79812f02914e350bde0bc4cfeae8429378,1,0.28590392380952834,0.0
be8de49bea505e7777a69ef63d60e02ac1712683,1,0.35843687176704403,0.0
be9581ea8c058d81154251cb0695987098996cad,0,0.1482693676650524,0.0
be97d0db5f44c0674480cb79ac6f5b0529b84c76,0,0.6019216096401214,0.5
be97d0db5f44c0674480cb79ac6f5b0529b84c76,0,0.6019216096401214,0.5
be97d0db5f44c0674480cb79ac6f5b0529b84c76,0,0.5419216096401215,0.5
be97d0db5f44c0674480cb79ac6f5b0529b84c76,0,0.5419216096401215,0.5
bedee0b561138346967cf1443f2afd1b48b3148f,1,0.5471806824207306,0.5
bef4a48f4ef798c4feddf045d49e53c8a97d5e37,0,0.5326502293348312,0.5
bef4a48f4ef798c4feddf045d49e53c8a97d5e37,0,0.5326502293348312,0.5
bef4a48f4ef798c4feddf045d49e53c8a97d5e37,0,0.5076502293348313,0.5
bef4a48f4ef798c4feddf045d49e53c8a97d5e37,0,0.5076502293348313,0.5
bf365071ea92b9579d5a272679b74052a5643e35,0,0.26056411445140837,0.0
bfc6444b57dc7186b6acc964705d7516cbaf3904,0,0.10726886585354806,0.0
bfca5fb4e97c46503ddfc582335917b0cc228264,0,0.16605678677558894,0.0
bfca5fb4e97c46503ddfc582335917b0cc228264,0,0.16605678677558894,0.0
bfca5fb4e97c46503ddfc582335917b0cc228264,0,0.18105678677558895,0.0
bfca5fb4e97c46503ddfc582335917b0cc228264,0,0.18105678677558895,0.0
c011bb669ddc22b0374d747d90467d1b2f80bc05,1,0.8769007658958434,1.0
c02c1960c93eede587576625a1221205a68a904f,0,0.6626515746116638,0.5
c03d740152f78e86945a75b2ad541bf972fab92a,0,0.12784881114959715,0.0
c09c4f31998bac6d73508e38812518aceb069b68,1,0.7205120503902436,1.0
c09c4f31998bac6d73508e38812518aceb069b68,1,0.7205120503902436,1.0
c09c4f31998bac6d73508e38812518aceb069b68,1,0.6305120503902435,0.5
c09c4f31998bac6d73508e38812518aceb069b68,1,0.6305120503902435,0.5
c0a40097f0bc81deafc15f9195d1fb54595cd6d0,1,0.13053286373615264,0.0
c0dc9adf9474ecb7106e60e5472577375aedaed3,0,0.39217975378036496,0.5
c1127df9515ca781940927deffc5ae657ed73a5f,1,0.229977690577507,0.0
c13e7331745852d0dd7c35eabbe181cbd5b01172,0,0.3882528030872345,0.5
c13e7331745852d0dd7c35eabbe181cbd5b01172,0,0.3882528030872345,0.5
c13e7331745852d0dd7c35eabbe181cbd5b01172,0,0.4182528030872345,0.5
c13e7331745852d0dd7c35eabbe181cbd5b01172,0,0.4182528030872345,0.5
c13fda93aca118b8e5cd202e339046728ee7dddb,0,0.08769602254033085,0.0
c1592a89942e9678f7d9c8030efa777c0d57edab,0,0.5321903222799301,0.5
c15a688e49987385baa8804bf65d570e362f8576,0,0.31552766799926757,0.0
c1ad35dd0548ce947d97aaf92f7f2f9a202951cf,0,0.0774948928132653,0.0
c1d6a22b7219bd52c66e9e038a282ba79f04be1f,1,0.8951452338695527,1.0
c1d6a22b7219bd52c66e9e038a282ba79f04be1f,1,0.8951452338695527,1.0
c1d6a22b7219bd52c66e9e038a282ba79f04be1f,1,0.8801452338695526,1.0
c1d6a22b7219bd52c66e9e038a282ba79f04be1f,1,0.8801452338695526,1.0
c2274b908db05529980ec056359fae916939fdaa,0,0.1525614508986473,0.0
c24968734abfed81c8f93dc5f44a7b7a9aecadfa,0,0.09628880158066744,0.0
c27e1efb61c545f36c450ef60862df9251d239a4,1,0.9340287613868714,1.0
c281355068bc258fd619c5aefd978595bede7bfe,0,0.11379753828048705,0.0
c28947de2bed40217cf256c5d0d16880054fcf13,0,0.19090424716472626,0.0
c2dbe32d5db5c4ead121cf86dabd5ab691fb47fe,0,0.25086357995867725,0.0
c2e0c58b25a0a0c37ec643255558c5af4450c9f5,0,0.5844798517227173,0.5
c2e1cfefcac35e0eea229e148c8284088ce437b5,0,0.10767267301678654,0.0
c2e406596571659451f4b95e37ddfd5a8ef1d0dc,0,0.0733416698127985,0.0
c2e6a872bde9912f1a7579639c5ca3adf1003916,0,0.08674921870231625,0.0
c2eecefec5df1306eafce28ccdf1ca159a552ecc,0,0.19299735844135285,0.0
c2f156bf168fb42cd6ecd0a8e2204dbe542b8516,1,0.8114724814891815,1.0
c301f0981fdd3fd1ffac6836b423c4d7a8e0eb63,0,0.35176463216543197,0.0
c301f0981fdd3fd1ffac6836b423c4d7a8e0eb63,0,0.35176463216543197,0.0
c301f0981fdd3fd1ffac6836b423c4d7a8e0eb63,0,0.35176463216543197,0.0
c301f0981fdd3fd1ffac6836b423c4d7a8e0eb63,0,0.35176463216543197,0.0
c308dfd1b43ef0d4c3e57b741bb3462eb7a7f4a2,1,0.0731350192427635,0.0
c31f26c8f69f776759cbbdfb38e40ea91aa0dd65,0,0.33474055230617517,0.0
c31fad1470389666ac7169fe43aa65bf5b7e2cfd,0,0.16099905043840407,0.0
c392cbecd8eca4c53f2bf508731257d9d0a21c2d,0,0.5260024440288543,0.5
c392cbecd8eca4c53f2bf508731257d9d0a21c2d,0,0.5260024440288543,0.5
c392cbecd8eca4c53f2bf508731257d9d0a21c2d,0,0.5360024440288543,0.5
c392cbecd8eca4c53f2bf508731257d9d0a21c2d,0,0.5360024440288543,0.5
c3b704d4a4a265660e665df51b129e8425216ed1,0,0.04070498839020725,0.0
c40bd7d9737bdcfb02d42765bc6c59b338151123,1,0.9535721051692962,1.0
c41028a2a16303e5a59e11338d6ef5475945c79d,1,0.8815013456344605,1.0
c41028a2a16303e5a59e11338d6ef5475945c79d,1,0.8815013456344605,1.0
c41028a2a16303e5a59e11338d6ef5475945c79d,1,0.8915013456344604,1.0
c41028a2a16303e5a59e11338d6ef5475945c79d,1,0.8915013456344604,1.0
c440adfbe30257dde905adc1fce51131145f7245,1,0.9251185214519501,1.0
c44711b78608c98a3e6b49ce91678cd0917d5349,0,0.16930869609117505,0.0
c462ecd659b5fce731f1d592285832fd6ad54053,0,0.16562801152467727,0.0
c4ab9da85b9df3692f861512fe6c9812f38b7471,0,0.27761583983898164,0.0
c4d31653c03b90e51515b1380115d1aedad925dd,0,0.15650567740201948,0.0
c4ec8dedca961db056ec85cb7ca8c9f7e2e92252,0,0.5699992477893829,0.5
c4fb7d2eac9ff9bfc35a2e4d40c7169a332416e0,0,0.07744073443114755,0.0
c4fb7d2eac9ff9bfc35a2e4d40c7169a332416e0,0,0.07744073443114755,0.0
c4fb7d2eac9ff9bfc35a2e4d40c7169a332416e0,0,0.09244073443114754,0.0
c4fb7d2eac9ff9bfc35a2e4d40c7169a332416e0,0,0.09244073443114754,0.0
c50e2ea6507bcf5a4475f821fc03dd1fdcb894a7,1,0.6713061702251434,0.5
c562ba719df570c986caf0941fea2449150bcbc4,0,0.2722888249158859,0.0
c568f7086c6e771c77aad13d727c70ef70e07243,1,0.6670384860038757,0.5
c56e022c0a27142b7b59ae6bdf45f86bf4b298a1,1,0.9133522474765778,1.0
c574bbe917036c8968b984c82c7b13194fe5ce98,1,0.8640418434143067,1.0
c59a1f106f5cd4843c097069ff1bb2ad72103a67,1,0.9477430939674378,1.0
c5a595000e2677e865a39f249c056bc05d6e55fd,0,0.17072515219449996,0.0
c5a595000e2677e865a39f249c056bc05d6e55fd,0,0.17072515219449996,0.0
c5a595000e2677e865a39f249c056bc05d6e55fd,0,0.18572515219449998,0.0
c5a595000e2677e865a39f249c056bc05d6e55fd,0,0.18572515219449998,0.0
c66c17a0f69b0e017bbc01d999a28ed96ee84826,1,0.45109720587730406,0.5
c68bbf5e334b35b36ac5b9f0419f1f93f796bad1,0,0.09010842889547345,0.0
c68f345b7c425b38656e1791a0486769a8797016,0,0.20206611722707746,0.0
c69813471a1ec081a0b9bf0c6bd7e8afd818afce,0,0.32731991887092593,0.0
c69813471a1ec081a0b9bf0c6bd7e8afd818afce,0,0.32731991887092593,0.0
c69813471a1ec081a0b9bf0c6bd7e8afd818afce,0,0.3923199188709259,0.0
c69813471a1ec081a0b9bf0c6bd7e8afd818afce,0,0.3923199188709259,0.0
c6c2adcba50c2622ed25ba5d5e7f05f584711358,0,0.26202324658632276,0.0
c6c2adcba50c2622ed25ba5d5e7f05f584711358,0,0.26202324658632276,0.0
c6c2adcba50c2622ed25ba5d5e7f05f584711358,0,0.24702324658632277,0.0
c6c2adcba50c2622ed25ba5d5e7f05f584711358,0,0.24702324658632277,0.0
c6d96328fecdda16e12f3b3c33f3677f4bcef89f,1,0.8274458360671997,1.0
c6e316ac05532febb0c966fa9b55f5258ed037be,0,0.0977038429677486,0.0
c6e316ac05532febb0c966fa9b55f5258ed037be,0,0.0977038429677486,0.0
c6e316ac05532febb0c966fa9b55f5258ed037be,0,0.0727038429677486,0.0
c6e316ac05532febb0c966fa9b55f5258ed037be,0,0.0727038429677486,0.0
c6ec929595c7443250b2a4faea988c62019d5cd2,0,0.12777190797030924,0.0
c70222752228a62135cee3409dccefd494a24646,0,0.068270518630743,0.0
c70dce4982ce1718bf978a35f8e26160b82081f4,0,0.0532319581508636,0.0
c7114b1249fa3b5f3a434606ba4cc89c4a27d618,1,0.9553993558883667,1.0
c7117419784f612d59ee565145f722e8b5541fe6,0,0.8677798688411713,1.0
c71e3a5cffd5309d7f84444df03d5b72600cc417,0,0.05502825785428285,0.0
c732a852b419fa057b53657e2daaf9433940391c,1,0.9022847378253938,1.0
c7423dbdbc9ecef7fff5239d144cad4b9887f4de,1,0.5180110412836074,0.5
c758b77d4a0a0ed3a1292b3fd7a2aeccd1a169a4,0,0.1240261401236057,0.0
c75f5a55061091030a13fef71b9995b89bc86213,1,0.28394426494836805,0.0
c777b11d34e0f47dbbc4b018ef65ad030f2b283a,0,0.1227623238414526,0.0
c777b11d34e0f47dbbc4b018ef65ad030f2b283a,0,0.1227623238414526,0.0
c777b11d34e0f47dbbc4b018ef65ad030f2b283a,0,0.0777623238414526,0.0
c777b11d34e0f47dbbc4b018ef65ad030f2b283a,0,0.0777623238414526,0.0
c7ddc0a800bc9f681a18c3bdd9f06b61adfabc11,1,0.9635029745101928,1.0
c7f59461f5a78994613afc112cdd73688aef9076,1,0.14789711497724056,0.0
c7f59461f5a78994613afc112cdd73688aef9076,1,0.14789711497724056,0.0
c7f59461f5a78994613afc112cdd73688aef9076,1,0.20289711497724056,0.0
c7f59461f5a78994613afc112cdd73688aef9076,1,0.20289711497724056,0.0
c82bc1ab2a8a5e73d9728e80c4c2ed87e8921a38,0,0.1353639569878578,0.0
c8383054506c77b814489c09877b5db83fd4abf2,1,0.8302301073074341,1.0
c838530d230bc638d79b78737fc4488ffc28c1ee,1,0.780694501399994,1.0
c838530d230bc638d79b78737fc4488ffc28c1ee,1,0.780694501399994,1.0
c838530d230bc638d79b78737fc4488ffc28c1ee,1,0.8256945013999939,1.0
c838530d230bc638d79b78737fc4488ffc28c1ee,1,0.8256945013999939,1.0
c86a918b1bdba78fb155184f8d88dfba1e63335d,0,0.1670134553313255,0.0
c88033efe9a391e72ba6b5df4b01d6e628f4e734,0,0.19571125954389568,0.0
c898afdc15645efb555acb6d85b484eb40a45409,0,0.23553062558174132,0.0
c8b3f38d2dae0397944814d691a419c451f9906f,0,0.17222758620977402,0.0
c8d5421563547a4b4ba6fcb9dae6b323dd02b75f,1,0.5636523246765137,0.5
c8ea2c31f5ea437199b239d76ad5db27343edb0c,0,0.4748141729831695,0.5
c8fae27d141a32a1624d0d0d5419d94252824498,0,0.222146680355072,0.0
c929ac60b3ed34accd25a052a4833e418900f466,1,0.905255081653595,1.0
c93637e6a4c4e1d0e85ef7efac78d066bbb24d96,0,0.18784543693065642,0.0
c96140000915b610d86f941450e15ca552de154a,0,0.12667430743575095,0.0
c965daac370f08a9b71d573a71d13cda76f2a884,0,0.15649879693984986,0.0
c9741a03dc8e491e57b95fba0058ab46b7e506da,0,0.2877181929349899,0.0
c97cd0b4b54eb42aed7f6c3c295a2d137f6d2416,1,0.6094946849346161,1.0
c98817e6cd4471a6f6283813dd6efea162f5ac5f,1,0.9395907294750214,1.0
c99626092efca3061b387043d4a7399bf75fbdd5,0,0.2602412748336792,0.0
c99626092efca3061b387043d4a7399bf75fbdd5,0,0.2602412748336792,0.0
c99626092efca3061b387043d4a7399bf75fbdd5,0,0.2302412748336792,0.0
c99626092efca3061b387043d4a7399bf75fbdd5,0,0.2302412748336792,0.0
c9cad937c0c58618fe5b0310fd539a854dc1ae95,1,0.9268076181411743,1.0
ca7ab482401cf0a7497dad05f4918dc64115538b,1,0.5070476841926574,0.5
ca7ab482401cf0a7497dad05f4918dc64115538b,1,0.5070476841926574,0.5
ca7ab482401cf0a7497dad05f4918dc64115538b,1,0.5570476841926575,1.0
ca7ab482401cf0a7497dad05f4918dc64115538b,1,0.5570476841926575,1.0
ca8add922f9c7f6e2e3c71039da8e0dcc64b87ed,0,0.2719626766443253,0.0
ca8add922f9c7f6e2e3c71039da8e0dcc64b87ed,0,0.2719626766443253,0.0
ca8add922f9c7f6e2e3c71039da8e0dcc64b87ed,0,0.26696267664432527,0.0
ca8add922f9c7f6e2e3c71039da8e0dcc64b87ed,0,0.26696267664432527,0.0
caa4b35b4317d5147b3ab0fbdc9c075c7d2e9c12,0,0.07988492056727405,0.0
cabc9d49333df72fe0f6d58bdcf9057ba341e701,1,0.9470365464687348,1.0
cacdb14b1c8d3804a3a7d31773bc7569837b71a4,0,0.11255276918411256,0.0
cb090e64cf25602b9adaf32d5dfc9c8bec493cd1,0,0.1052190142869949,0.0
cb3e9864cdbe35ff6378966660edbcbac955fe17,0,0.1177867084741592,0.0
cb47c7be0e93dd5acda078163799401ac3a78e10,0,0.1281343924999237,0.0
cb520c3f366c77e8d69e4e2e2781a8ce48d98e79,0,0.08097683701664206,0.0
cb6cbab79055ca207ad88bc54226b48ececdcef0,1,0.5817396664619445,1.0
cb6cbab79055ca207ad88bc54226b48ececdcef0,1,0.5817396664619445,1.0
cb6cbab79055ca207ad88bc54226b48ececdcef0,1,0.5617396664619445,1.0
cb6cbab79055ca207ad88bc54226b48ececdcef0,1,0.5617396664619445,1.0
cb71f1d136a635decf43c3b502ee34fb05640fcd,1,0.9459232652187348,1.0
cbd070a4ae62f119058973f6d2c984e325bce6e7,0,0.31748860776424404,0.0
cbfac7fa491651c57926c99edeb7495c6c1aeac2,0,0.13688380390405655,0.0
cbfce4c7fbde23cc8bcba44822a58c728caf6ec9,1,0.8863053941726684,1.0
cbfecb927f429a6fa613d74b998496bd71e4438a,1,0.37737862646579745,0.5
cc317ea3d9272fab4f6fef527c865f30ca479394,1,0.15789163827896116,0.0
cc4c07c89aada16229084eeb93895c95b7eabaa3,1,0.8388493752479553,1.0
cc75549548482ed653c23f212544e58cb38ea980,1,0.8478037810325623,1.0
ccab434e674ca95d483788b1895a70c21b7f016a,0,0.1682072857022285,0.0
ccab434e674ca95d483788b1895a70c21b7f016a,0,0.1682072857022285,0.0
ccab434e674ca95d483788b1895a70c21b7f016a,0,0.0982072857022285,0.0
ccab434e674ca95d483788b1895a70c21b7f016a,0,0.0982072857022285,0.0
ccb326b5f9e623eb7f130fbbf2505ec0e2dcaff9,0,0.13450513899326322,0.0
ccb32e2be14271a60e9ba89c6d5660cc9998773c,0,0.13396822899580002,0.0
ccd45faf4973746c4f30ea41eec864e5cf191099,0,0.24415764451026914,0.0
ccd45faf4973746c4f30ea41eec864e5cf191099,0,0.24415764451026914,0.0
ccd45faf4973746c4f30ea41eec864e5cf191099,0,0.29415764451026916,0.0
ccd45faf4973746c4f30ea41eec864e5cf191099,0,0.29415764451026916,0.0
ccdde7c74ffd7e8bdd3cf685bbfa41231c8e3131,1,0.9223671674728394,1.0
cce7fc8b29961b64fadb1ce398dc5ff32a79643b,0,0.07636240690946575,0.0
cce7fc8b29961b64fadb1ce398dc5ff32a79643b,0,0.07636240690946575,0.0
cce7fc8b29961b64fadb1ce398dc5ff32a79643b,0,0.05636240690946575,0.0
cce7fc8b29961b64fadb1ce398dc5ff32a79643b,0,0.05636240690946575,0.0
ccf74f2390d60a2f9a75ef496d2564abb478f46a,1,0.929085624217987,1.0
cd0c1b8e045a8d2785342b385cb2684d9b48e426,0,0.41600103974342345,0.0
cd21d99e595ec1d8721e1058dcdd4f1f7de1d793,0,0.52692626953125,0.5
cd7eb8f83fcf258f71e293f7fc52a70be8ed0128,0,0.13156390354037284,0.0
cd90511557fdfb394bb4ac4c3b539b007383914c,0,0.14059756398200984,0.0
cd90511557fdfb394bb4ac4c3b539b007383914c,0,0.14059756398200984,0.0
cd90511557fdfb394bb4ac4c3b539b007383914c,0,0.14559756398200985,0.0
cd90511557fdfb394bb4ac4c3b539b007383914c,0,0.14559756398200985,0.0
cda0d6a198e2a7ec6f176c36173a57bdd8af7af2,0,0.3873214155435562,0.5
cdba4301adda7c60a2064bf808e48fccd352aaa9,1,0.525950676202774,0.5
cdba4301adda7c60a2064bf808e48fccd352aaa9,1,0.525950676202774,0.5
cdba4301adda7c60a2064bf808e48fccd352aaa9,1,0.520950676202774,0.5
cdba4301adda7c60a2064bf808e48fccd352aaa9,1,0.520950676202774,0.5
ce31e6ca68bd7639bd3e5ef97be215031842bbab,0,0.3871829241514206,0.0
ce33e64c1788912976b61314b56935abd4bc97ef,0,0.19930201470851894,0.0
ce3af2ee95170b7d9e15fff6e500d67deab1e7b3,0,0.056251391619443855,0.0
ce3c4ad7f4ce5db7b4f08a1e237d8dd94b39180b,1,0.1368681014329195,0.0
ce3e112e7ae854249d8755906acc5f27e1542114,0,0.3231056761741638,0.5
ce3e112e7ae854249d8755906acc5f27e1542114,0,0.3231056761741638,0.5
ce3e112e7ae854249d8755906acc5f27e1542114,0,0.3431056761741638,0.5
ce3e112e7ae854249d8755906acc5f27e1542114,0,0.3431056761741638,0.5
ce56d21355cd6f6937aca32f1f44ca749d1e4808,0,0.2209393322467804,0.0
ce56d21355cd6f6937aca32f1f44ca749d1e4808,0,0.2209393322467804,0.0
ce56d21355cd6f6937aca32f1f44ca749d1e4808,0,0.2509393322467804,0.0
ce56d21355cd6f6937aca32f1f44ca749d1e4808,0,0.2509393322467804,0.0
ce5cdd3b05216b704a704f466fb4c2dff3778caf,0,0.14088696792721744,0.0
ce6dede912f064a855acf6f04a04cbb2c25b8c8c,0,0.0657587035745382,0.0
cea04f3d9aeebda9d9c063c0dfa71e739c322c81,0,0.15700766667723656,0.0
ceaf8fbea79a854373b9fc03c9fde98eb8712725,1,0.19808165937662126,0.0
ceb29474bbbc377e11be3a70589a0005305e4fc3,1,0.8048341286182403,1.0
cebae292e0c32a228e8f2219c270a7237be24a6a,0,0.09117085248231885,0.0
cefa91b2332d7009bc0be5d951d6cbbf349f90f8,0,0.0478977485001087,0.0
cf15c3e734e8d25de7b4d9170f5a69ace633a583,1,0.6630405294895172,0.5
cf264e1329fb0307e044f7675849f9f38b44c11a,1,0.944127163887024,1.0
cf28ff8e4c02e1ffa850755288ac954b6ff0db8c,0,0.25895753026008606,0.0
cf4c9d2ac1e42c7d18b921bec39486896645b714,0,0.04016049206256865,0.0
cf5000a7787cbc10341091d37245a42c119d26c5,0,0.35591714978218075,0.5
cf5000a7787cbc10341091d37245a42c119d26c5,0,0.35591714978218075,0.5
cf5000a7787cbc10341091d37245a42c119d26c5,0,0.33091714978218073,0.0
cf5000a7787cbc10341091d37245a42c119d26c5,0,0.33091714978218073,0.0
cf5bb09e742a9cf6349127e868329a8f69b7a014,0,0.2330395212769508,0.0
cf6531d98190fa2cf92a6d8bbc8af0a4740a223c,0,0.12307306345552205,0.0
cf7385cb26ac4f0ee6c7385960525ad534323252,0,0.12328422002494335,0.0
cfa1a2329a691ffd991fcf7248a57d752e712881,0,0.30864671707153324,0.0
cfaa80c91f6f99b9342b6557f0f0e1143e434066,0,0.06851411432027815,0.0
cfaa80c91f6f99b9342b6557f0f0e1143e434066,0,0.06851411432027815,0.0
cfaa80c91f6f99b9342b6557f0f0e1143e434066,0,0.08851411432027816,0.0
cfaa80c91f6f99b9342b6557f0f0e1143e434066,0,0.08851411432027816,0.0
cff3bd012a9512ac5ed858d38e6ed65f6391008c,0,0.36931879043579097,0.0
d0184a375ee797eb657d74861ba0935b6e405c62,0,0.14756528854370116,0.0
d0321c812d89c5910d8da8e4b10c891c6b96ff70,0,0.12594586104154584,0.0
d0375f6858c4ff7244b62b02eb5e93428e1916cd,0,0.1297610659897327,0.0
d07f951903fa9922c375b8ab1ce81b18a0034e3b,0,0.1115338439494371,0.0
d07f951903fa9922c375b8ab1ce81b18a0034e3b,0,0.1115338439494371,0.0
d07f951903fa9922c375b8ab1ce81b18a0034e3b,0,0.1715338439494371,0.0
d07f951903fa9922c375b8ab1ce81b18a0034e3b,0,0.1715338439494371,0.0
d08089f649a0cfb2099c8551ac47eef0cc23fdf2,1,0.7635435128211976,1.0
d091e579b864fa790dd6a0cd537a22c383126681,0,0.3998177742958069,0.5
d0aac2363549e12cc79b8e285f13d5a9f42fd08e,0,0.2625553882122039,0.0
d0be8347c623e0ac4202a1d4e0373882821f56b0,1,0.40944469422101976,0.5
d0d1df8ba18abc57f28fb3bc053b2bf319367f2c,0,0.16662813067436216,0.0
d0d382f95a9270dcf803539d6781d6bd67e3f5b2,0,0.1448617413640022,0.0
d0d51a97063db4704a5ef6bc978dddab1636a306,0,0.10929794333875176,0.0
d0fa70aca54c8643248e89061da23752506ec0d4,0,0.5301472914218903,0.5
d101291b2681e5ab938554e3e323f7a7ee33e3aa,0,0.1843208026885986,0.0
d119888b09bd567e07c6b93a07f175df88857e02,0,0.24202381670475007,0.0
d1542d4ae4dfdc47c9b3205ebe849ed23af213dd,1,0.5914628076553344,0.5
d18dcfe9860e842f394e37ba01ca9440ab2178f4,0,0.2551789820194244,0.0
d19fb10085a49b77578314f69fff21562f7cd054,0,0.5844072985649109,1.0
d1cba2ea8121e7fdbe1328cea782876b1dd80993,0,0.19526407569646836,0.0
d2458baa799fff377660d86323dd20a3f4deecb4,1,0.8025575006008148,1.0
d270453a0d9ec10bb8a802a142fb1b3601a83098,0,0.19984366327524183,0.0
d2706004a1b8b526592e823d7e52551b518a7941,0,0.1028516502678394,0.0
d29f59051d3a07b81281b2df2b8c9dfe4716067f,0,0.17789883852005006,0.0
d2d73e6d4822140445ad4a7b1c6091e0f5fe703b,0,0.07831340126693245,0.0
d325dc6eb763c10f591c239550b8c7e5466a5d09,0,0.3090647676587105,0.5
d328c09ee9f15ee5a26431f5aad7c9239fa85e62,0,0.13519011206924914,0.0
d328c09ee9f15ee5a26431f5aad7c9239fa85e62,0,0.13519011206924914,0.0
d328c09ee9f15ee5a26431f5aad7c9239fa85e62,0,0.09519011206924916,0.0
d328c09ee9f15ee5a26431f5aad7c9239fa85e62,0,0.09519011206924916,0.0
d344873c4cbde249b7152d36a273bcc45864001e,0,0.13027235627174374,0.0
d35652a5fc9944784f6f50a5c979518ff8dacf61,0,0.2346133333444595,0.0
d35652a5fc9944784f6f50a5c979518ff8dacf61,0,0.2346133333444595,0.0
d35652a5fc9944784f6f50a5c979518ff8dacf61,0,0.1846133333444595,0.0
d35652a5fc9944784f6f50a5c979518ff8dacf61,0,0.1846133333444595,0.0
d3911f1639e67fc7b12aae0efa5a540976d7443b,0,0.283742339015007,0.0
d396f89db39a2f259e2125ca43b4c31bb65afcad,1,0.8388103199005127,1.0
d3b17c6d9dddc2db3670bc9be628b122416a3d26,0,0.1676530748605728,0.0
d3e2904f71ea0fe7eaff1d68a2b0363c888ea0fb,0,0.27107206910848614,0.0
d3fcd7360338358aa0036bec6d2cf0e37a0ca624,1,0.5070825576782226,0.5
d443d93864726ad68c0a741d1e7b03934a9af143,1,0.7542571091651917,1.0
d4523831f07a267a943f0dde844bf8ead7495f13,0,0.32178762018680573,0.0
d46401052c2d5614da8efea5788532f0401cb164,0,0.12456445470452304,0.0
d48567c9a0d1e605639f8a8705a61bbb55fb4e84,1,0.7478387391567229,1.0
d49270a04623ce3c0afddbf3e984cb245aa48e9c,0,0.11391853407025335,0.0
d49270a04623ce3c0afddbf3e984cb245aa48e9c,0,0.11391853407025335,0.0
d49270a04623ce3c0afddbf3e984cb245aa48e9c,0,0.08891853407025335,0.0
d49270a04623ce3c0afddbf3e984cb245aa48e9c,0,0.08891853407025335,0.0
d4955c0ad77dbc684fc716387070ac24801b8bca,0,0.10072590708732605,0.0
d4e9a968738bf66d3bb852dd5588d4c7afd6d7f4,0,0.08178720500320195,0.0
d4f9d5a99a3fd1b1c691b7a1a6f8f3f25f4116c9,0,0.10718192771077155,0.0
d527f51331cace562393a8038d870b3e9916686f,0,0.4048893263936042,0.5
d527f51331cace562393a8038d870b3e9916686f,0,0.4048893263936042,0.5
d527f51331cace562393a8038d870b3e9916686f,0,0.3998893263936043,0.5
d527f51331cace562393a8038d870b3e9916686f,0,0.3998893263936043,0.5
d5362c37e1f8a40096452fc201c30e705750e687,0,0.08434296384453771,0.0
d5362c37e1f8a40096452fc201c30e705750e687,0,0.08434296384453771,0.0
d5362c37e1f8a40096452fc201c30e705750e687,0,0.0893429638445377,0.0
d5362c37e1f8a40096452fc201c30e705750e687,0,0.0893429638445377,0.0
d5410ac7b0baeca91cf73ff5241d35998ecc8c9e,1,0.27013731122016904,0.0
d581076b6a85c6f8308a4ba2bdcd82651f5183df,1,0.5972316098213196,0.5
d5afb4b47e13161b3f33904d45110f9e6463bad6,0,0.4377314195036888,0.5
d5afb4b47e13161b3f33904d45110f9e6463bad6,0,0.4377314195036888,0.5
d5afb4b47e13161b3f33904d45110f9e6463bad6,0,0.3977314195036888,0.5
d5afb4b47e13161b3f33904d45110f9e6463bad6,0,0.3977314195036888,0.5
d5e01266e7f5fa12400d4c8aa4e86fe89dcc61e9,1,0.9420416867733002,1.0
d62c43a953ce02d54521ec06217d0c2ed6d489af,1,0.8012720715999604,1.0
d636fc5dd692c8f4e00ae6e0359c0eceeb5d9bdb,1,0.5960817140340805,0.5
d659b715e94ac039803d7601505d3473393fc0be,0,0.4358657109737396,0.0
d65d76a44ffe74c73298ada25b0f578680576073,0,0.3946259188652039,0.5
d6667f0ddf46c671d379cd5fe66ce0a54d2a743a,1,0.6704951053857803,0.5
d6b98c8d242aee40e7b8919dd07b593b0739e38d,1,0.969087164402008,1.0
d6db47e571dcaecaeaafa8840d00ae849ae3907b,1,0.7040761160850525,1.0
d6f5e358452479fa8a773b5c6ccc9e4ec5a20880,0,0.5728623008728027,0.5
d7038f951828da19fa9aafddfa087b69032c9687,1,0.8324944424629213,1.0
d70cbdda75da3f258118a558c087157e073229fb,1,0.9320094954967499,1.0
d71608a877362becdc94191f190902fac1e64d35,0,0.046405094191432,0.0
d7172f52e9933b6ec9305e7fe6e829e3939dba04,1,0.9262727224826812,1.0
d73ef2d69c0dba5f5a1cb9600045c873bab1fb7f,1,0.18630454212427133,0.0
d7409b05a64f212735f0d33f5f1602051a886eab,0,0.46411455541849134,0.5
d768394fa99467bcf2703bde74ddc96eeb0b71fa,0,0.3298986893892288,0.0
d785a773bed966a75ca1f11d108ae1897189975b,0,0.09848779678344725,0.0
d795848ecce24a75dfd46481aee066ae6fe39775,0,0.3453960049152374,0.5
d7999f5ea64bb10d2857b8cbfe973be373bac7c9,1,0.7276173067092895,1.0
d7999f5ea64bb10d2857b8cbfe973be373bac7c9,1,0.7276173067092895,1.0
d7999f5ea64bb10d2857b8cbfe973be373bac7c9,1,0.6126173067092895,0.5
d7999f5ea64bb10d2857b8cbfe973be373bac7c9,1,0.6126173067092895,0.5
d7f01649f4eaf1878472d3d3f480ae1e50d98f6c,0,0.1121790017187595,0.0
d81ffb87aaa75f842cd7aa57091810353755b3e6,0,0.4085571575164795,0.5
d81ffb87aaa75f842cd7aa57091810353755b3e6,0,0.4085571575164795,0.5
d81ffb87aaa75f842cd7aa57091810353755b3e6,0,0.4135571575164795,0.5
d81ffb87aaa75f842cd7aa57091810353755b3e6,0,0.4135571575164795,0.5
d839f0811a31322c087a859c2b181e2383daa7be,0,0.28557608485221864,0.0
d8616ee2affcff37c5d315310da557a694a3303d,1,0.627589373588562,0.5
d864319871b05fadd153e0aede4811ca7008f5d6,0,0.09606753550469875,0.0
d872ca165cb67112f2841ef9c37d51ef7e63d1e4,0,0.1858128824830055,0.0
d872ca165cb67112f2841ef9c37d51ef7e63d1e4,0,0.1858128824830055,0.0
d872ca165cb67112f2841ef9c37d51ef7e63d1e4,0,0.1658128824830055,0.0
d872ca165cb67112f2841ef9c37d51ef7e63d1e4,0,0.1658128824830055,0.0
d8792a5734b0f3e58b898c2e2f910bfac48e9ee3,1,0.8594229996204377,1.0
d8792a5734b0f3e58b898c2e2f910bfac48e9ee3,1,0.8594229996204377,1.0
d8792a5734b0f3e58b898c2e2f910bfac48e9ee3,1,0.8344229996204376,1.0
d8792a5734b0f3e58b898c2e2f910bfac48e9ee3,1,0.8344229996204376,1.0
d8cac8568618dcb8a51af3db1103e8d4cc4aeea7,0,0.11388402506709094,0.0
d8fb63e46c884c898a38f061c2330f7729e75510,0,0.42792269110679626,0.0
d92a7580392ad4681b1d4f9275d00b95375ebe01,0,0.24597630858421327,0.0
d938a8cca88a5f02f523f95fe3d2d1214f4b4a8d,1,0.9362467432022095,1.0
d938a8cca88a5f02f523f95fe3d2d1214f4b4a8d,1,0.9362467432022095,1.0
d938a8cca88a5f02f523f95fe3d2d1214f4b4a8d,1,0.9262467432022095,1.0
d938a8cca88a5f02f523f95fe3d2d1214f4b4a8d,1,0.9262467432022095,1.0
d9483ecd327b7537c6a51cab515b5faad21b8200,1,0.860053768157959,1.0
d951b20b9def73dcc39a5379831525d0d2a537e9,1,0.2951783037185669,0.0
d9592025000b3cf26c742f3505da7b83aedc26d5,0,0.0780423667281866,0.0
d9a871e4a143047d1d84a606772af319f11516f9,1,0.8951490795612336,1.0
d9e85dd5c24d9503391440c65a09fdc69d486d55,1,0.7540193033218383,1.0
d9e85dd5c24d9503391440c65a09fdc69d486d55,1,0.7540193033218383,1.0
d9e85dd5c24d9503391440c65a09fdc69d486d55,1,0.6390193033218383,0.5
d9e85dd5c24d9503391440c65a09fdc69d486d55,1,0.6390193033218383,0.5
da0342a3aa0357795224e6283df86444e1117168,0,0.15319854259490967,0.0
da2e552b469a0cd130ff70a88ccc4139da428a65,0,0.3049685215950012,0.0
da44c340c4fe9d9653ae84fa6a60f406bafcffce,1,0.9632713854312895,1.0
da4a827416066191aafeeccee50a8836a826ba10,0,0.23396649718284604,0.0
da5c0f119203ad9728920456a0f52a6d850c01cd,0,0.2521261140704155,0.0
dac501397b9d81e4782232c39f94f4307b137452,0,0.087140824124217,0.0
dac501397b9d81e4782232c39f94f4307b137452,0,0.087140824124217,0.0
dac501397b9d81e4782232c39f94f4307b137452,0,0.192140824124217,0.0
dac501397b9d81e4782232c39f94f4307b137452,0,0.192140824124217,0.0
dade3f6a1e4e35a5ae916d5e78b3229ec34c78ec,0,0.6910387277603149,0.5
dade3f6a1e4e35a5ae916d5e78b3229ec34c78ec,0,0.6910387277603149,0.5
dade3f6a1e4e35a5ae916d5e78b3229ec34c78ec,0,0.6810387277603149,0.5
dade3f6a1e4e35a5ae916d5e78b3229ec34c78ec,0,0.6810387277603149,0.5
daed80ed07580e5adc0e6d8bc79933a35154135a,1,0.071920643299818,0.0
daed80ed07580e5adc0e6d8bc79933a35154135a,1,0.071920643299818,0.0
daed80ed07580e5adc0e6d8bc79933a35154135a,1,0.071920643299818,0.0
daed80ed07580e5adc0e6d8bc79933a35154135a,1,0.071920643299818,0.0
db1312dd95488b5e6ff362ff66fcf953a46b1821,1,0.9237312901020049,1.0
db1d1e8b9867aae5c3e61ad7859abfcc4a6fd6c7,1,0.46198177814483643,0.5
db1f254f2cfaf0510ae34fa2311a8d749e95179a,1,0.9407127714157104,1.0
db46cd1e0426f52999d50fa72cfa97fa39952885,0,0.20450800061225888,0.0
db46cd1e0426f52999d50fa72cfa97fa39952885,0,0.20450800061225888,0.0
db46cd1e0426f52999d50fa72cfa97fa39952885,0,0.20450800061225888,0.0
db46cd1e0426f52999d50fa72cfa97fa39952885,0,0.20450800061225888,0.0
db46e3a88a09c5cf7e505664d01da7238cd56c92,0,0.1129856915771961,0.0
db5247d9bf5c6ade9fd70b4e4897441e0269b233,0,0.822663004398346,1.0
db59133e927916d8a25ee1fd8264f2808040909d,1,0.3683689135313034,0.0
db7ba07108a48c0f95b74fabbfd5d63e924f992d,0,0.15337101221084595,0.0
db9b31aa9bc56ff0d15b78f7e827d61c4a096e40,0,0.0989329099655151,0.0
dbc94a0fb81771a38733c0e8f2ea8c4fa6934dc1,1,0.3409139144420623,0.0
dbdcc906d978650417b076a875b0f962fcdf79dd,1,0.37561553835868833,0.5
dbe245cdf5189e88d680379ed13901356628b650,0,0.11594010695815085,0.0
dbf4ab821804df071c8b566d9813083125e6d97b,0,0.3321203863620758,0.0
dbf4ab821804df071c8b566d9813083125e6d97b,0,0.3321203863620758,0.0
dbf4ab821804df071c8b566d9813083125e6d97b,0,0.4021203863620758,0.5
dbf4ab821804df071c8b566d9813083125e6d97b,0,0.4021203863620758,0.5
dbf5d3d02987faa0eec3710dd687cd912362d7b5,0,0.3589221012592315,0.0
dbf5d3d02987faa0eec3710dd687cd912362d7b5,0,0.3589221012592315,0.0
dbf5d3d02987faa0eec3710dd687cd912362d7b5,0,0.3589221012592315,0.0
dbf5d3d02987faa0eec3710dd687cd912362d7b5,0,0.3589221012592315,0.0
dc21c6cc3d6986d938efbf95de62473982c98dec,0,0.13526106640696525,0.0
dc8289f912387c3bcfbc5d2db29c8947fa207c11,1,0.6312438917160035,1.0
dcda165706b9fbfd685898d46a6749d7d397e0c0,1,0.36176479935646055,0.0
dcda165706b9fbfd685898d46a6749d7d397e0c0,1,0.36176479935646055,0.0
dcda165706b9fbfd685898d46a6749d7d397e0c0,1,0.3317647993564605,0.0
dcda165706b9fbfd685898d46a6749d7d397e0c0,1,0.3317647993564605,0.0
dcdb3ba7e2a8caae7bfefd603bc22fd0ce9a389c,0,0.093638394549489,0.0
dcfbb67e48a2becfce7990386e985b9c45098ee5,1,0.7110780274868012,1.0
dd05484f99d16715a88eedfca363828ef9a4c2d4,0,0.2564443117380142,0.0
dd24662d9dfbad281bbf030f06d68c7938fa0c66,1,0.29495618671178814,0.0
dd52b5eeb0f70893f762da7254e923fd23fd1379,0,0.1862891936302185,0.0
dd6e9894b451e7c85cceb8e9dc5432679a70e7dc,0,0.1794334281980991,0.0
dd7842878633453e38d6a4927593dd28b9d8ab91,1,0.8925064194202423,1.0
dd7842878633453e38d6a4927593dd28b9d8ab91,1,0.8925064194202423,1.0
dd7842878633453e38d6a4927593dd28b9d8ab91,1,0.9175064194202422,1.0
dd7842878633453e38d6a4927593dd28b9d8ab91,1,0.9175064194202422,1.0
dd89a81d850fa9a65f67b4527c0e420d15bf836c,0,0.16044693529605866,0.0
dda364c345913fe03ddbe4d5ae14a2754c100296,0,0.1202577970921993,0.0
de24aceb07d426b6f1c59f33889d6a964770547b,0,0.12755480915307993,0.0
de28e469da75359a2bb8cd8778b78aa64b1be1f4,0,0.8429259741306305,1.0
de3246254156e7f32e5591ad0b3b740ffde8258e,1,0.7288907957077027,1.0
de3e26f9e5b76fc628077578c001c4a51bf54d06,0,0.3214422804117203,0.5
de40579b903883274fe203865f29d66b168b7236,0,0.1469744452089071,0.0
ded85b0c0edd8f45fec88783d7555a5b982449c1,0,0.0601531536877155,0.0
ded85b0c0edd8f45fec88783d7555a5b982449c1,0,0.0601531536877155,0.0
ded85b0c0edd8f45fec88783d7555a5b982449c1,0,0.0651531536877155,0.0
ded85b0c0edd8f45fec88783d7555a5b982449c1,0,0.0651531536877155,0.0
df02452f3df069a59bc9e69c84435bf115cb6e37,0,0.061778119020164,0.0
df1c357f25d808e30b216188330e708e09e1a412,0,0.129380749464035,0.0
df1c357f25d808e30b216188330e708e09e1a412,0,0.129380749464035,0.0
df1c357f25d808e30b216188330e708e09e1a412,0,0.11938074946403501,0.0
df1c357f25d808e30b216188330e708e09e1a412,0,0.11938074946403501,0.0
df25461119d987b8c81d232cfe4411e91dcabe66,0,0.3837040889263153,0.0
df25461119d987b8c81d232cfe4411e91dcabe66,0,0.3837040889263153,0.0
df25461119d987b8c81d232cfe4411e91dcabe66,0,0.35870408892631533,0.0
df25461119d987b8c81d232cfe4411e91dcabe66,0,0.35870408892631533,0.0
df39038cd89525d465c2c8827eb64116873f141a,0,0.055065333917737,0.0
df720d288dbb1793e82b6ccbfc670ec871e9def4,1,0.8732306134700776,1.0
df9d44b645b83fffccfb4e28c1f93376585fdec8,0,0.19571467012166976,0.0
dfbd229abeee76a0bcf015e93c85dca8d18568d4,1,0.9408348870277405,1.0
dfbd229abeee76a0bcf015e93c85dca8d18568d4,1,0.9408348870277405,1.0
dfbd229abeee76a0bcf015e93c85dca8d18568d4,1,0.9308348870277405,1.0
dfbd229abeee76a0bcf015e93c85dca8d18568d4,1,0.9308348870277405,1.0
dfc7f7a988dad34c3bf4c053124fb26aa6c5f916,0,0.09790870904922486,0.0
dfc7f7a988dad34c3bf4c053124fb26aa6c5f916,0,0.09790870904922486,0.0
dfc7f7a988dad34c3bf4c053124fb26aa6c5f916,0,0.14290870904922487,0.0
dfc7f7a988dad34c3bf4c053124fb26aa6c5f916,0,0.14290870904922487,0.0
e0011bca603c101f2a3c007bdb77f7006fa78fb1,0,0.2588733130693436,0.0
e02ee89baa66c40e1002cf8b09141fce7265e0f5,1,0.9083512902259826,1.0
e02f0d3970404bfea385b6edb86f2d936db0ea2b,0,0.15068352818489075,0.0
e03418abde871314e1a3a550f4c8afb7b89cb273,0,0.4247248840332031,0.5
e03e7f20ebf7e1611d40d1fdc1bde900fd3335f6,0,0.38989593386650084,0.0
e067dc3c6b9c419bac43c6a0be2d85f44681f863,1,0.8124261367321014,1.0
e07754e0a1ea2d63fb29574253d1fd7405607343,0,0.2068981501460075,0.0
e07754e0a1ea2d63fb29574253d1fd7405607343,0,0.2068981501460075,0.0
e07754e0a1ea2d63fb29574253d1fd7405607343,0,0.19689815014600748,0.0
e07754e0a1ea2d63fb29574253d1fd7405607343,0,0.19689815014600748,0.0
e0863634bf9f7cf36291ebb5bfa2d16632f79c49,0,0.3463867473602295,0.5
e0976331ad114af8e379e18483c346c6c79ca858,1,0.6655559659004212,0.5
e0976331ad114af8e379e18483c346c6c79ca858,1,0.6655559659004212,0.5
e0976331ad114af8e379e18483c346c6c79ca858,1,0.7055559659004211,0.5
e0976331ad114af8e379e18483c346c6c79ca858,1,0.7055559659004211,0.5
e0d4e8acb3789c5a8651061fbab62ca24a45c063,0,0.05671553216874595,0.0
e0d4e8acb3789c5a8651061fbab62ca24a45c063,0,0.05671553216874595,0.0
e0d4e8acb3789c5a8651061fbab62ca24a45c063,0,0.06671553216874596,0.0
e0d4e8acb3789c5a8651061fbab62ca24a45c063,0,0.06671553216874596,0.0
e0e1958f4c365e380b17ccb35617345b31ef7bf3,0,0.12643330574035644,0.0
e0e1958f4c365e380b17ccb35617345b31ef7bf3,0,0.12643330574035644,0.0
e0e1958f4c365e380b17ccb35617345b31ef7bf3,0,0.12143330574035645,0.0
e0e1958f4c365e380b17ccb35617345b31ef7bf3,0,0.12143330574035645,0.0
e0eec24e2e199873f43df99ec39773ad3af2bff7,0,0.102823694050312,0.0
e0fd83dbe92426e4f09b01111d260d2a7dc72fdb,1,0.9147149455547332,1.0
e123015c0ba859cf48aa7f89c5016cc6e98e018d,0,0.2644057789444923,0.0
e123015c0ba859cf48aa7f89c5016cc6e98e018d,0,0.2644057789444923,0.0
e123015c0ba859cf48aa7f89c5016cc6e98e018d,0,0.2744057789444923,0.0
e123015c0ba859cf48aa7f89c5016cc6e98e018d,0,0.2744057789444923,0.0
e12d7a46f65ae4b7d58a5e0c1cbfa825cf8d830d,0,0.40573661744594575,0.0
e1533b6319ab9c3a97dad314dd88b3783bc41b69,0,0.20904822230339049,0.0
e15a5d821e5192a3769d846079bc9aa380139baf,0,0.08738284982740875,0.0
e15e9f43c7ca25603fcf4c20d44ec777726f1034,1,0.7930503845214844,1.0
e160ab85166e77347d0cbe5149045cb25e83937f,0,0.20929485440254209,0.0
e160ab85166e77347d0cbe5149045cb25e83937f,0,0.20929485440254209,0.0
e160ab85166e77347d0cbe5149045cb25e83937f,0,0.1192948544025421,0.0
e160ab85166e77347d0cbe5149045cb25e83937f,0,0.1192948544025421,0.0
e16b859872b87650bb55b12cca5a5fcdc49c1442,0,0.2198737624287605,0.0
e18e157bb5c8c1cd8a9ba25acfdcf4f3035836f4,1,0.7028523230552673,1.0
e193b7955dfad68035b983a0011f4ef3590c85eb,0,0.27530756533145906,0.0
e193b7955dfad68035b983a0011f4ef3590c85eb,0,0.27530756533145906,0.0
e193b7955dfad68035b983a0011f4ef3590c85eb,0,0.28030756533145906,0.0
e193b7955dfad68035b983a0011f4ef3590c85eb,0,0.28030756533145906,0.0
e1cd4004cde7c9b694bbdd8def0e02288ee58c74,0,0.05322566136717795,0.0
e22f910a26cc2a3ac9c66b8e935ef2a7dd881117,0,0.1072066233307123,0.0
e269d79c7d35aa3808b1f3c1737d63dab504ddc8,1,0.35261909127235413,0.5
e26b6d39270f5eab0087453d9b544189a38c8564,0,0.40489025712013244,0.5
e26b6d39270f5eab0087453d9b544189a38c8564,0,0.40489025712013244,0.5
e26b6d39270f5eab0087453d9b544189a38c8564,0,0.43489025712013246,0.5
e26b6d39270f5eab0087453d9b544189a38c8564,0,0.43489025712013246,0.5
e26d3009efda338f19016df4175f354a9bd0a4ab,0,0.4159974324703216,0.0
e271ff53807e8f2c628758290f0e499dbe51cb3d,0,0.13623343385756015,0.0
e2a1256b17b16f9b9adf1b6fea56819e7b68e463,0,0.2941219335049391,0.5
e2b706c691905fe78468c361aaabc719d0a496f1,0,0.13821017980575562,0.0
e2b706c691905fe78468c361aaabc719d0a496f1,0,0.13821017980575562,0.0
e2b706c691905fe78468c361aaabc719d0a496f1,0,0.1132101798057556,0.0
e2b706c691905fe78468c361aaabc719d0a496f1,0,0.1132101798057556,0.0
e2e33caa5dc2eae7bddf88b22ce11ec3d760e5cd,0,0.12403312236070631,0.0
e2fec219a36e0993642844be0f345513507031f4,0,0.14720952697098255,0.0
e2ffcda1629012a2c1a3706432bc45fdc899a584,1,0.5265305578708649,0.5
e2ffcda1629012a2c1a3706432bc45fdc899a584,1,0.5265305578708649,0.5
e2ffcda1629012a2c1a3706432bc45fdc899a584,1,0.5115305578708649,0.5
e2ffcda1629012a2c1a3706432bc45fdc899a584,1,0.5115305578708649,0.5
e3215deca4520773cd2b155bed164c12365149a7,0,0.1312919682264328,0.0
e38e252dbceeef7d2f848017132efd68e9ae1416,0,0.30178273558616636,0.0
e38e252dbceeef7d2f848017132efd68e9ae1416,0,0.30178273558616636,0.0
e38e252dbceeef7d2f848017132efd68e9ae1416,0,0.30178273558616636,0.0
e38e252dbceeef7d2f848017132efd68e9ae1416,0,0.30178273558616636,0.0
e3c2d2d144c082dd71596953193adf9891491f42,0,0.20550105690956116,0.0
e3c2d2d144c082dd71596953193adf9891491f42,0,0.20550105690956116,0.0
e3c2d2d144c082dd71596953193adf9891491f42,0,0.17550105690956116,0.0
e3c2d2d144c082dd71596953193adf9891491f42,0,0.17550105690956116,0.0
e3dfcab2080dc1f9a4b09cc1327361bc2845bfcd,0,0.8052240419387817,1.0
e3eac9f32ec04112b39e01b574ac739382469bf9,1,0.1842310386896133,0.0
e3f02f32a05009a688a87f5799e049ed6b55bab5,0,0.32073347568511956,0.0
e3f0c638f428fd66b5871154b62706772045f91a,1,0.22607772052288055,0.0
e420bed025071a623d2720a92bc2245c84757ecb,1,0.8803845274448394,1.0
e45cc288724f0cfd497bb5920bcfa60caa335729,0,0.2087961548566818,0.0
e4891e4687c8dd136d80d6c1b857a02931ed6fc8,1,0.8850893807411193,1.0
e4a87abf588536d1cdfb128595e6e680af5cf3ed,0,0.1501639317721128,0.0
e4c72c06c367758a14f227c847f9d623f1994ecf,0,0.1769143638014793,0.0
e53899771a02f798d436655efbd9d4b46c0f9265,0,0.3454399764537811,0.0
e53899771a02f798d436655efbd9d4b46c0f9265,0,0.3454399764537811,0.0
e53899771a02f798d436655efbd9d4b46c0f9265,0,0.37043997645378113,0.0
e53899771a02f798d436655efbd9d4b46c0f9265,0,0.37043997645378113,0.0
e53f47f6c1a56d2af728909f1cb894da6b43d9bf,0,0.1052740879356861,0.0
e569eb34970281438e2b48a3ef11c87459fcfbcb,0,0.1161634349822998,0.0
e58337100721f3cc0c7424a18730e4f39844934f,0,0.2574015909433365,0.0
e5d574ab37f5f2e7937405613d9b1a724811e5ad,0,0.15434467732906337,0.0
e5ef93d02d6c9cc3a14e7348481c9e41a528caa1,1,0.8268437695503235,1.0
e5ef93d02d6c9cc3a14e7348481c9e41a528caa1,1,0.8268437695503235,1.0
e5ef93d02d6c9cc3a14e7348481c9e41a528caa1,1,0.8918437695503234,1.0
e5ef93d02d6c9cc3a14e7348481c9e41a528caa1,1,0.8918437695503234,1.0
e5ffd1263dd5b44929c676171802e7b6af483f21,0,0.6790509688854218,0.5
e5ffd1263dd5b44929c676171802e7b6af483f21,0,0.6790509688854218,0.5
e5ffd1263dd5b44929c676171802e7b6af483f21,0,0.6940509688854217,0.5
e5ffd1263dd5b44929c676171802e7b6af483f21,0,0.6940509688854217,0.5
e60b613df8b6253def41215402f72986fee3fc8d,0,0.24455063343048095,0.0
e6130eba8a848a7a6ba6c534bd8f6d60749ae1a9,1,0.9830533564090729,1.0
e62599902327d27687693f6e5253a5d56583db58,0,0.09765198819339276,0.0
e632291a2dbce45a24cddeb5fe28fe71d724ba43,0,0.12416020713746545,0.0
e6322fd177c6885a21dd4609dc5e5c973d1a2eb7,0,0.2778181619942188,0.0
e6322fd177c6885a21dd4609dc5e5c973d1a2eb7,0,0.2778181619942188,0.0
e6322fd177c6885a21dd4609dc5e5c973d1a2eb7,0,0.2128181619942188,0.0
e6322fd177c6885a21dd4609dc5e5c973d1a2eb7,0,0.2128181619942188,0.0
e64746e74f717961250a155e14c156616fcd981f,0,0.2067582583427429,0.0
e66b7920aa5ac5b1a1997a454004ba9246a3c005,0,0.5154700344800949,0.5
e677edbcabee849bfdd43f1602bccbecf736a646,0,0.16645841777324677,0.0
e6d71b437abc2f249e3b6a1ae1a7228e09c6e563,0,0.2403694128990173,0.0
e6d71b437abc2f249e3b6a1ae1a7228e09c6e563,0,0.2403694128990173,0.0
e6d71b437abc2f249e3b6a1ae1a7228e09c6e563,0,0.2853694128990173,0.0
e6d71b437abc2f249e3b6a1ae1a7228e09c6e563,0,0.2853694128990173,0.0
e6e43b8aa7cd3c3af686caf0c2e11819a886d705,0,0.0523266269266605,0.0
e6e43b8aa7cd3c3af686caf0c2e11819a886d705,0,0.0523266269266605,0.0
e6e43b8aa7cd3c3af686caf0c2e11819a886d705,0,0.057326626926660504,0.0
e6e43b8aa7cd3c3af686caf0c2e11819a886d705,0,0.057326626926660504,0.0
e6f7d27df5d208b50cae817a91d128fb434bb12c,0,0.19035175800323484,0.0
e6fd6d7e5f0fe4a17a08e892afb5db800e7794ec,1,0.9867067539691925,1.0
e7250ab7ca4998fe026f2149805b03e09dc32498,0,0.12777092799544332,0.0
e7250ab7ca4998fe026f2149805b03e09dc32498,0,0.12777092799544332,0.0
e7250ab7ca4998fe026f2149805b03e09dc32498,0,0.1127709279954433,0.0
e7250ab7ca4998fe026f2149805b03e09dc32498,0,0.1127709279954433,0.0
e73fa11a356ca0905c3cc648eaacc6f0f2d2c8b3,1,0.8321652758121489,1.0
e73fa11a356ca0905c3cc648eaacc6f0f2d2c8b3,1,0.8321652758121489,1.0
e73fa11a356ca0905c3cc648eaacc6f0f2d2c8b3,1,0.8471652758121491,1.0
e73fa11a356ca0905c3cc648eaacc6f0f2d2c8b3,1,0.8471652758121491,1.0
e74c39573d35e9ac441090ff8183aa3dc2540649,1,0.6240172982215881,0.5
e7b2b108cdeab76a7e7324459e50b0c1214c0386,0,0.5512084567546844,0.5
e7b2b108cdeab76a7e7324459e50b0c1214c0386,0,0.5512084567546844,0.5
e7b2b108cdeab76a7e7324459e50b0c1214c0386,0,0.6112084567546845,1.0
e7b2b108cdeab76a7e7324459e50b0c1214c0386,0,0.6112084567546845,1.0
e7e921918d905544500ca7a95889f898121ba886,0,0.10338272809982296,0.0
e8021b94b0412c37bcc79027c2e382086b6ce449,0,0.23857736855745315,0.0
e821d50ab5b956ed0effa49faaf29912fd4106d9,0,0.23762003183364866,0.0
e821d50ab5b956ed0effa49faaf29912fd4106d9,0,0.23762003183364866,0.0
e821d50ab5b956ed0effa49faaf29912fd4106d9,0,0.23262003183364865,0.0
e821d50ab5b956ed0effa49faaf29912fd4106d9,0,0.23262003183364865,0.0
e84e697d92d9d84ca13b4440cea36abe9a2fe079,1,0.6287086379528046,0.5
e88ed227f639ebcb31ed4e5b88756b47d904584b,1,0.911243188381195,1.0
e8fb5bc76eb86437ab87002d4a36d6da02165654,0,0.1166004806756973,0.0
e9076ffbcaed5da6c182b144ef9f6e24554af268,0,0.361897794008255,0.5
e9109a92d2a95889498bed3719cd2318892171a2,1,0.8441731941699981,1.0
e95aada4cb93d42e25c30a0ef9eb2923d9711d4a,0,0.122267869785428,0.0
e95aada4cb93d42e25c30a0ef9eb2923d9711d4a,0,0.122267869785428,0.0
e95aada4cb93d42e25c30a0ef9eb2923d9711d4a,0,0.172267869785428,0.0
e95aada4cb93d42e25c30a0ef9eb2923d9711d4a,0,0.172267869785428,0.0
e97cc04fe0fb33e489583dff79f6b1d6919fcc66,1,0.9300632536411286,1.0
e9b1a4f867ae9c1dbd1d71cd09cbdb3239fb4968,0,0.3664238181710243,0.0
e9b3e5b8c65733f626a7ee919c4bc895b51d7bb2,1,0.38174969553947447,0.5
e9bd0cca09d13ac2f08d25e195203e42d4ad1ce8,1,0.6664611566066743,1.0
e9c11c6e3a0e93903f5a13f8d2f97ae1bba512e1,1,0.7945419728755951,1.0
e9c3cda4d86e56bf7fe403729f38c4f0f65d3860,1,0.42966521203517916,0.5
e9c65989920f7c28775ec4e0c11b483910fb67b8,0,0.07556848652660846,0.0
e9c65989920f7c28775ec4e0c11b483910fb67b8,0,0.07556848652660846,0.0
e9c65989920f7c28775ec4e0c11b483910fb67b8,0,0.07056848652660845,0.0
e9c65989920f7c28775ec4e0c11b483910fb67b8,0,0.07056848652660845,0.0
ea30388baebcce37fd594d425a65037ca35e59e8,1,0.1318415458500385,0.0
ea79068d4073bf303f8203f2625af7d9185a1bc6,0,0.2401566523313522,0.0
ea977d742507e534d9fe4f4d74256f6b7f589338,0,0.20037370927631856,0.0
eab03c23c2a162085b13200d7942fc5a00b5ccc8,1,0.7441817259788512,1.0
eab03c23c2a162085b13200d7942fc5a00b5ccc8,1,0.7441817259788512,1.0
eab03c23c2a162085b13200d7942fc5a00b5ccc8,1,0.7591817259788514,1.0
eab03c23c2a162085b13200d7942fc5a00b5ccc8,1,0.7591817259788514,1.0
eab0da38912ebdad922ed0388209f7eb0a5163cd,1,0.5670425099134445,0.5
eab0da38912ebdad922ed0388209f7eb0a5163cd,1,0.5670425099134445,0.5
eab0da38912ebdad922ed0388209f7eb0a5163cd,1,0.5420425099134445,0.5
eab0da38912ebdad922ed0388209f7eb0a5163cd,1,0.5420425099134445,0.5
ead54ced6321099978d30d62dc49c282a6e70574,0,0.0769332045316696,0.0
eadb2f47a3ced5c64b23b90fd2a3463f63726066,0,0.8366080760955811,1.0
eafc474e202978ac735c551d5ee1eb8c02e2be54,1,0.7308734703063965,1.0
eb1ae34e48a09b7a1179c579aed042b032e408f4,0,0.4237560272216797,0.5
eb1d4ce2609584eeb7694866f34d4b213caa3af9,0,0.08871373526751995,0.0
eb2d64bfcc174919a921295a5327b99a3b8f4166,1,0.43184515595436096,0.5
eb5654b3b89d5e836312cea9f3fdb49457852e89,1,0.7745875096321106,1.0
eb85dace897c5986bc2f36b3c783c6abb8a4292e,0,0.29627119302749627,0.0
eb988e46da2e4eae89f5337e047ce372fe33d5b1,0,0.21635348796844478,0.0
eb988e46da2e4eae89f5337e047ce372fe33d5b1,0,0.21635348796844478,0.0
eb988e46da2e4eae89f5337e047ce372fe33d5b1,0,0.1863534879684448,0.0
eb988e46da2e4eae89f5337e047ce372fe33d5b1,0,0.1863534879684448,0.0
eba63df7eb1f95df6bfb67722a35372b6994928d,0,0.1520278853178024,0.0
eba9ac7abab91c8f6d351460239108bef5e7a0b6,0,0.3278492575883865,0.0
eba9ac7abab91c8f6d351460239108bef5e7a0b6,0,0.3278492575883865,0.0
eba9ac7abab91c8f6d351460239108bef5e7a0b6,0,0.3978492575883865,0.0
eba9ac7abab91c8f6d351460239108bef5e7a0b6,0,0.3978492575883865,0.0
ebbe26fd54a9621994bc16b14f2ba8f84c089693,0,0.5197186207771302,0.5
ebe6a354fa7e0a7d5b581da31ad031b19d8693f9,1,0.446714004278183,0.5
ebe98f1447bbccf8228335c62d86af02a0ed23f7,1,0.8479545390605927,1.0
ebf519710218814cf827adbf9111af081344c969,1,0.8146603000164032,1.0
ec2b9a5e11e51fea1bb04c1e7e471952e887e874,0,0.21271532714366911,0.0
ec4e9d630a64df500641892f4e259e8149594a99,0,0.31614642709493634,0.0
ec4e9d630a64df500641892f4e259e8149594a99,0,0.31614642709493634,0.0
ec4e9d630a64df500641892f4e259e8149594a99,0,0.32114642709493635,0.0
ec4e9d630a64df500641892f4e259e8149594a99,0,0.32114642709493635,0.0
ec4eb8a86ade4d22633e1da2a7d85a846b7d1798,0,0.07005296573042866,0.0
ec7eede369fe5b0d085ac51fdbb95184f87bfc6c,0,0.0580040185898542,0.0
ecaf75ffd5f5db320d8b1da0198eef5a5ce64a3f,1,0.5854468667507171,1.0
ecbf60782662f0a388493685b85a645a0ba1613c,0,0.08022189706563945,0.0
ecf0b2b8a37c8464186620bef37812a117ff6366,0,0.33921410024166104,0.0
ed17aa92dc56b6d8883e4b7a8f1c6fbf5ed6cd29,0,0.2468041643500328,0.0
ed5cc702d311c14b653323d76062b0294effa66e,1,0.8490172362327575,1.0
ed5cc702d311c14b653323d76062b0294effa66e,1,0.8490172362327575,1.0
ed5cc702d311c14b653323d76062b0294effa66e,1,0.8540172362327576,1.0
ed5cc702d311c14b653323d76062b0294effa66e,1,0.8540172362327576,1.0
ed713e2bc093239ccd380c2ce8ae9e4162f5c037,0,0.1896805705875158,0.0
ed7f2afdd0e043a397677e597ced0830b83ba0b3,0,0.07751954829320311,0.0
ed9a3c0d4dd9ce79ff7f65238164a96da1b52dbf,1,0.9233379042148591,1.0
edf410cb74dc612fd47ef5be319c5a0bcd6e6ccd,0,0.12854932263493535,0.0
ee0166b637a5e376118e9659e5b4148080f1d27e,0,0.25173453718423844,0.0
ee059170b1f7e94e55fa6cadee544e176a6e59c2,0,0.5360393786430359,0.5
eebff19acaa35820cb09ce2ccb3d21bee2156ffb,0,0.2050384650379419,0.0
eebff19acaa35820cb09ce2ccb3d21bee2156ffb,0,0.2050384650379419,0.0
eebff19acaa35820cb09ce2ccb3d21bee2156ffb,0,0.2050384650379419,0.0
eebff19acaa35820cb09ce2ccb3d21bee2156ffb,0,0.2050384650379419,0.0
eec1be4c30df73238b936fa9f3653773a6f8b15c,1,0.8071417117118835,1.0
eedeb787ebb53de5c5dcf7b7b39d01bf1b0f037d,0,0.2030041468143463,0.0
ef307bc6ef04e8c1ea843231db58e3afaafa9fa6,0,0.06560659870505331,0.0
ef307bc6ef04e8c1ea843231db58e3afaafa9fa6,0,0.06560659870505331,0.0
ef307bc6ef04e8c1ea843231db58e3afaafa9fa6,0,0.09560659870505331,0.0
ef307bc6ef04e8c1ea843231db58e3afaafa9fa6,0,0.09560659870505331,0.0
ef7dfac51d8ed961b742218f526bd589f3900a59,0,0.12107574477791785,0.0
efb905aeb44b0e99c0e6b07865b1885ae0471ebf,0,0.06989187858998776,0.0
efb91fea652a42fcc037d2a9ef4ecd1ffc5ff4b7,0,0.1119554540514946,0.0
efb91fea652a42fcc037d2a9ef4ecd1ffc5ff4b7,0,0.1119554540514946,0.0
efb91fea652a42fcc037d2a9ef4ecd1ffc5ff4b7,0,0.1019554540514946,0.0
efb91fea652a42fcc037d2a9ef4ecd1ffc5ff4b7,0,0.1019554540514946,0.0
efb9f4f19f8e37fde43dfecebc80292d179f56c6,0,0.36616029620170587,0.0
efc9909fdce00a827a37609628223cd45bf95d0b,1,0.8772676253318787,1.0
eff9704f5332a13b08fbdbe0f84059c9e7051d5f,0,0.09141017258167264,0.0
eff9704f5332a13b08fbdbe0f84059c9e7051d5f,0,0.09141017258167264,0.0
eff9704f5332a13b08fbdbe0f84059c9e7051d5f,0,0.06641017258167264,0.0
eff9704f5332a13b08fbdbe0f84059c9e7051d5f,0,0.06641017258167264,0.0
f033c26de5a5734625d2dd1dc196745fae186f1b,1,0.517203152179718,0.5
f061f43d7418cb62b8d073e221ec75d3f5b89e17,1,0.944128315448761,1.0
f0a96d1aafd8964e1f9955c830a3e5cb3c60a90f,0,0.15552219539880752,0.0
f0c18025693707ec344a70b6887f7450bf4c826b,0,0.0945083528757095,0.0
f0d576f840153392d04b2d52cf3adab8f62e8cb6,0,0.1409551008045673,0.0
f0e729af2eb6bee9eb58c4df1087f14ebaefe26b,0,0.1184687265381217,0.0
f1304d4420777f82a1d844c606db3d9eca841765,1,0.9204013073444366,1.0
f15f29fd4779be8a418b66e9d52979bb6d6c2325,0,0.2686082142591476,0.0
f15f29fd4779be8a418b66e9d52979bb6d6c2325,0,0.2686082142591476,0.0
f15f29fd4779be8a418b66e9d52979bb6d6c2325,0,0.22360821425914765,0.0
f15f29fd4779be8a418b66e9d52979bb6d6c2325,0,0.22360821425914765,0.0
f17b558d6663101f876a1d9cbbad3de0c8f4ce4d,1,0.8785065019130707,1.0
f1a1bc8775b26345aba2be278118999e7f661d3d,0,0.15978537410497667,0.0
f1a1bc8775b26345aba2be278118999e7f661d3d,0,0.15978537410497667,0.0
f1a1bc8775b26345aba2be278118999e7f661d3d,0,0.12478537410497666,0.0
f1a1bc8775b26345aba2be278118999e7f661d3d,0,0.12478537410497666,0.0
f1a411873c85b642f13b01f21b534c2bab81fc1b,0,0.1159666039049625,0.0
f1c006f1c6850c14040f8337753a63119bba39b9,1,0.7343544220924377,1.0
f1d5df84cd8c3ec6460c78f5b86be7c84577a83f,1,0.8901083981990814,1.0
f1d95df0f31048f1c59092648997686e3f7d9478,0,0.14258809238672254,0.0
f1d95df0f31048f1c59092648997686e3f7d9478,0,0.14258809238672254,0.0
f1d95df0f31048f1c59092648997686e3f7d9478,0,0.11258809238672256,0.0
f1d95df0f31048f1c59092648997686e3f7d9478,0,0.11258809238672256,0.0
f22def5970c423ea7f87d5247bd0ef91416b0658,0,0.1317841029167175,0.0
f22def5970c423ea7f87d5247bd0ef91416b0658,0,0.1317841029167175,0.0
f22def5970c423ea7f87d5247bd0ef91416b0658,0,0.1517841029167175,0.0
f22def5970c423ea7f87d5247bd0ef91416b0658,0,0.1517841029167175,0.0
f232af4295653afa4ade3230462b3be15ad16419,0,0.10545790456235404,0.0
f2aeb7306a898e1cbd03963d376f4b6656ca2b55,0,0.29825339615345003,0.0
f2db7230f73a80dbb179deab78f88a7947f0ab7e,0,0.1009906442463398,0.0
f2ebdadd85af4f4d0cae1e5d009c70eccc78c207,0,0.5171000933647156,0.5
f316cdff8d677db9ad9c90acb44c4cd535b0ee27,1,0.6061170935630799,1.0
f339f3541701d824a0256ad4bf14c26ceb6d79c3,1,0.631829776763916,1.0
f369b07c861435bd812a9d14493f71b34132ed6f,1,0.5215306735038757,0.5
f36f3010f67611a45d66e773bc91e4c66a9abab5,1,0.904249243736267,1.0
f3a5367c679d31473d3fbb391675055b4792c309,0,0.6427677500247955,1.0
f3b44f92e59a804cf375479bda0bccbf4b6e6ef6,1,0.9583364987373353,1.0
f41dff4efb918db68923a826e966ca62c7c8e929,1,0.8943538045883178,1.0
f4384b3e54ea813868bb81a861bf5b2406e15d8f,0,0.10585476741194726,0.0
f4384b3e54ea813868bb81a861bf5b2406e15d8f,0,0.10585476741194726,0.0
f4384b3e54ea813868bb81a861bf5b2406e15d8f,0,0.11585476741194725,0.0
f4384b3e54ea813868bb81a861bf5b2406e15d8f,0,0.11585476741194725,0.0
f442fa6141379a20b48ae3efabee827a3d260787,0,0.693724194765091,1.0
f443fd5af5dbd531f880d3645d5dd36976cf087f,0,0.1137187014520168,0.0
f461950fdc374a3ada5a63c669d997de4600dffe,0,0.2871465504169464,0.0
f46c8a75263f97bda13c739ba1c90aced0d3b071,0,0.19299291461706158,0.0
f46c8a75263f97bda13c739ba1c90aced0d3b071,0,0.19299291461706158,0.0
f46c8a75263f97bda13c739ba1c90aced0d3b071,0,0.2229929146170616,0.0
f46c8a75263f97bda13c739ba1c90aced0d3b071,0,0.2229929146170616,0.0
f49cd2f4d6170d27a2c61f1fecb03d8a70c91f57,0,0.4215440861880779,0.5
f4a0a113f103e23adb4f3ba8a0e02ce4973fdedf,1,0.8557144486904145,1.0
f4a0a113f103e23adb4f3ba8a0e02ce4973fdedf,1,0.8557144486904145,1.0
f4a0a113f103e23adb4f3ba8a0e02ce4973fdedf,1,0.8157144486904144,1.0
f4a0a113f103e23adb4f3ba8a0e02ce4973fdedf,1,0.8157144486904144,1.0
f4aec6a0973879cb25bfecc2e918c519e3dfff04,1,0.9049571621418,1.0
f52f5c71f3d4bb0992800139d2f35cf9f6f6e0ee,1,0.5862323474884032,1.0
f52f5c71f3d4bb0992800139d2f35cf9f6f6e0ee,1,0.5862323474884032,1.0
f52f5c71f3d4bb0992800139d2f35cf9f6f6e0ee,1,0.5912323474884034,1.0
f52f5c71f3d4bb0992800139d2f35cf9f6f6e0ee,1,0.5912323474884034,1.0
f5723cfc01932c7a8d5c78dbf7e067e537c91439,0,0.26999553143978117,0.0
f57bf3f78377d66af89a6d0c6d926ffb1f590b5d,1,0.8762088012695313,1.0
f57bf3f78377d66af89a6d0c6d926ffb1f590b5d,1,0.8762088012695313,1.0
f57bf3f78377d66af89a6d0c6d926ffb1f590b5d,1,0.9262088012695312,1.0
f57bf3f78377d66af89a6d0c6d926ffb1f590b5d,1,0.9262088012695312,1.0
f58985620f55580a07d40062c4115d8c9cf6ae27,0,0.1269186925143003,0.0
f59388a579c6a395de8f7372b267d3abecd8d6bf,1,0.6866141319274902,0.5
f59388a579c6a395de8f7372b267d3abecd8d6bf,1,0.6866141319274902,0.5
f59388a579c6a395de8f7372b267d3abecd8d6bf,1,0.7116141319274902,0.5
f59388a579c6a395de8f7372b267d3abecd8d6bf,1,0.7116141319274902,0.5
f5ba1cdaf5eb380e148183bda06d4844b457d095,1,0.8478374981880188,1.0
f5c24d94512f1b288262beda4d3dcb9629222fc7,0,0.0848123026639223,0.0
f5c24d94512f1b288262beda4d3dcb9629222fc7,0,0.0848123026639223,0.0
f5c24d94512f1b288262beda4d3dcb9629222fc7,0,0.0648123026639223,0.0
f5c24d94512f1b288262beda4d3dcb9629222fc7,0,0.0648123026639223,0.0
f5ca233e2e66dc1c249bf07eefa37e34a6c9346a,1,0.26480511873960494,0.0
f5ca233e2e66dc1c249bf07eefa37e34a6c9346a,1,0.26480511873960494,0.0
f5ca233e2e66dc1c249bf07eefa37e34a6c9346a,1,0.35980511873960497,0.5
f5ca233e2e66dc1c249bf07eefa37e34a6c9346a,1,0.35980511873960497,0.5
f5d39b020809146cc28e6e73369bf8065e0310aa,1,0.7050650787353516,1.0
f5d4e04634c9cf68bdf23de08ada0bb92e8befe7,0,0.2658410236239433,0.0
f5e6d5a343761081317c89d23489c93fbafc69ff,1,0.9371342730522156,1.0
f63b94be6942ba82c55343e196bd09b53227618e,0,0.5191301941871643,0.5
f66af88e33212b57ea86da2c5d66c0d9d5c46344,1,0.5629380571842193,1.0
f67ac0061c7614c1548963d3ef1ee1606efd8636,0,0.18329091161489486,0.0
f680b6e6062ef3c944ffc966d685f067958fca33,1,0.8880998432636261,1.0
f6944d4a0b87c16bc34ae589169e1ded3d4db08e,1,0.7065228950977325,1.0
f6c383b8c31a93752a52697f8430a71dcbc46adf,1,0.9310483038425446,1.0
f6f0c9a74a48448583c3cb0f3f067bc3fe0f13c6,1,0.8400588142871857,1.0
f718863aca469a109895cb855e6b81fff4827d71,1,0.2965780088305473,0.0
f73f969b2eb39ad8056f6c7f3a295fa2f85e313a,0,0.1013887484371662,0.0
f74a7afc224acd5e922c7a2e52244d891bbe44ee,0,0.41011193782091143,0.5
f74a7afc224acd5e922c7a2e52244d891bbe44ee,0,0.41011193782091143,0.5
f74a7afc224acd5e922c7a2e52244d891bbe44ee,0,0.3401119378209114,0.5
f74a7afc224acd5e922c7a2e52244d891bbe44ee,0,0.3401119378209114,0.5
f753a68980cf4b59a80fe677619da2b1804f526d,0,0.344087119102478,0.0
f764a6c2c1e446f560faa3232271a0637369170b,1,0.9647283565998077,1.0
f777d88278170410b06a1f6633f3b9375a4ddd6b,1,0.9241999053955079,1.0
f7866c35873377313ff94398f17d425b28b71de1,0,0.1031144819408655,0.0
f79edef79b6a2161f4124112f9b0c46891bb0b74,0,0.2263998720049858,0.0
f7d43dd206e7e18c182f200e67a8db8c209907fa,1,0.49700016975402833,0.5
f7da88003c53cf0eedabe609324a047b1921dfcc,1,0.8771816086769104,1.0
f803982190f0265fd36cf84670aa6daefc2b0768,0,0.3187282598018646,0.0
f803982190f0265fd36cf84670aa6daefc2b0768,0,0.3187282598018646,0.0
f803982190f0265fd36cf84670aa6daefc2b0768,0,0.3187282598018646,0.0
f803982190f0265fd36cf84670aa6daefc2b0768,0,0.3187282598018646,0.0
f80d26043af91ceb5036c478101c015edb9e7630,1,0.7757710111141205,1.0
f8138f2ad2f745b9a1c696a05b749eabe44337ea,0,0.10250724241137499,0.0
f8321fa75102246d7415a6af441872f6637c93ab,0,0.1631643937528133,0.0
f85daf0e725358be78dfd208dea5fd665d8cb901,0,0.08398743003606796,0.0
f8941e6c4c712948663ec5d7bbb546f1a0f4e3f6,1,0.9521352815628052,1.0
f8aa1b98ce40184521ed95ec26cc115a255183b2,0,0.3770199918746948,0.5
f8ef1be816bf9a0c406c696368c2264a9597a994,1,0.5410037732124329,1.0
f9010dbdce911ee1f1af1398a24b1f9f992e0080,1,0.8313123500347137,1.0
f921a58ae20852d188f70842431ce6519c4fdc36,0,0.19698932021856305,0.0
f93dc90c2e8ed664985e366aa6459ac83cdab236,0,0.24138650953769686,0.0
f93dc90c2e8ed664985e366aa6459ac83cdab236,0,0.24138650953769686,0.0
f93dc90c2e8ed664985e366aa6459ac83cdab236,0,0.21138650953769683,0.0
f93dc90c2e8ed664985e366aa6459ac83cdab236,0,0.21138650953769683,0.0
f94b47c6bde624d6c07f43054087607c52054a95,0,0.5895785182714463,0.5
f94fd25cb0aaf77fd7453f31c5d394a1a68ecf60,1,0.6899366652965546,1.0
f990874b1c98fe8e57ee9385669f501822979258,0,0.2503213185071945,0.0
f990874b1c98fe8e57ee9385669f501822979258,0,0.2503213185071945,0.0
f990874b1c98fe8e57ee9385669f501822979258,0,0.2853213185071945,0.0
f990874b1c98fe8e57ee9385669f501822979258,0,0.2853213185071945,0.0
f9ae848904289ddb16c7c9e4553ed4c64300de49,0,0.10137379474937915,0.0
f9b62f9843c7b0afdaecabbcebf1dbba18599408,0,0.24813726127147673,0.0
f9bb896eab221618927ae6a2f1d566567999839d,0,0.08249949529767035,0.0
f9ca51596bbfd0f9c386dd1c613c394c78d9e5e6,0,0.26772019028663635,0.0
f9fdb0b86f087c2b7f6c6168dd0985a3c1eda87e,0,0.21522147417068482,0.0
fa2690af573dfefb47ba6eef888797a64b6b5f3c,0,0.2850177425146103,0.0
fa2bbff7b0b4e211fec5e5686ef96350690597b5,1,0.3362332630157471,0.0
fa2bbff7b0b4e211fec5e5686ef96350690597b5,1,0.3362332630157471,0.0
fa2bbff7b0b4e211fec5e5686ef96350690597b5,1,0.35623326301574704,0.0
fa2bbff7b0b4e211fec5e5686ef96350690597b5,1,0.35623326301574704,0.0
fa30a81f255a56cccd89552cd6ce7ea6e8d8acc4,0,0.36483759313821795,0.5
fa3fbe64037839f448dc569212bafc5a495d8219,0,0.1183761005848646,0.0
fa4c027a7956f5e07697bfcb580d25eeb8471257,1,0.8707259678840638,1.0
fa502c86566680ac62bc28ec883a069bf7a2aa5e,1,0.6230948400497436,0.5
fa5492ee89463a7590a1449358002ff7ef63529f,0,0.11093705072999,0.0
fa5492ee89463a7590a1449358002ff7ef63529f,0,0.11093705072999,0.0
fa5492ee89463a7590a1449358002ff7ef63529f,0,0.10593705072998999,0.0
fa5492ee89463a7590a1449358002ff7ef63529f,0,0.10593705072998999,0.0
fa5ef655615a01533035c6139248c5b33aa27028,0,0.17557570189237595,0.0
fa96c6baef1b5385e2f0c0677b32b3839e716076,0,0.09592090308666225,0.0
fac35ba763ed07ba93154c95ffc0c4a55023707f,0,0.5693924999237061,1.0
fada32ed6dbc748f447c8d050a961b75d946055a,0,0.5120017617940903,0.5
fae633cfb729da2771b5433f6b84ae7e8b4aa5f7,0,0.08455417916178701,0.0
fae633cfb729da2771b5433f6b84ae7e8b4aa5f7,0,0.08455417916178701,0.0
fae633cfb729da2771b5433f6b84ae7e8b4aa5f7,0,0.08955417916178701,0.0
fae633cfb729da2771b5433f6b84ae7e8b4aa5f7,0,0.08955417916178701,0.0
fafb51a67fb883eb2dde352539df939a251851be,0,0.13372346937656399,0.0
fafb51a67fb883eb2dde352539df939a251851be,0,0.13372346937656399,0.0
fafb51a67fb883eb2dde352539df939a251851be,0,0.083723469376564,0.0
fafb51a67fb883eb2dde352539df939a251851be,0,0.083723469376564,0.0
fb1cf0878328fe75d47f0aed0a65b30126fcefc4,0,0.2141249957680702,0.0
fb24771faf72a2fd62b3b6287af3c610c3ec9cf1,0,0.09528086215257645,0.0
fb5a4315591dae307a65fc246ca80b5159d296e1,0,0.39168323695659635,0.0
fb63435b7c7dc112b1ae1baea5486e0a6e27b196,0,0.10908025324344635,0.0
fb66df20a7201e60f2b13d7f95d031b31a8831d3,0,0.10520935401320455,0.0
fb70bf124b051d4ded4ce57511dfec6d3ebf2b43,1,0.8860244417190553,1.0
fb7a0d334894206ae35f023a82cad5a290fd7386,0,0.1409687370061874,0.0
fb8396aeda5872369a8ed6d2301e2c86e303c520,0,0.15993536859750745,0.0
fba8334721e266f92079632598e46e5f89082f30,0,0.06821198746562,0.0
fbdc4bc47268953c80853489f696e02d61f9a2c6,1,0.9518761050701141,1.0
fbf740aeb86a4fe82ad158d26d711f2f3be79b3e,0,0.23398433834314347,0.0
fc01008c92f40015aeeced94750855a7111b6929,0,0.2025030547380447,0.0
fc1092f51567277509563800a3c56732070b6aa4,0,0.17271522663533684,0.0
fc4ef9d5724973193bfa5ebed181dba6de3a56db,0,0.07116648644208905,0.0
fc7222c3a9f56271fba02aabbfbae999042f1679,0,0.07149272628128525,0.0
fc80fc2d4e39137869da3150ee169b40bf879287,0,0.16768142163753508,0.0
fce09ea314505a52f2436397608fa0a5d0934fb1,0,0.10751566365361209,0.0
fcf6a49d79923a234844b8efe830a61f3f0584e4,0,0.4381029462814331,0.5
fd0815f632c24878e325821943edccc7fde947a2,0,0.0991069236397743,0.0
fd27ef6b44bec26915c5b2b22c13856d9f0ba17a,1,0.915879807472229,1.0
fd27ef6b44bec26915c5b2b22c13856d9f0ba17a,1,0.915879807472229,1.0
fd27ef6b44bec26915c5b2b22c13856d9f0ba17a,1,0.925879807472229,1.0
fd27ef6b44bec26915c5b2b22c13856d9f0ba17a,1,0.925879807472229,1.0
fd31f3996af2627106e22a9f8072764fede51161,1,0.8778737854957581,1.0
fd3d91ab1c6ab0628fe642dd570b56302c30a792,0,0.15981912612915034,0.0
fd8958efe8779d3db19c9124fce593ce681ac709,1,0.2162744519114494,0.0
fd94d9dadee58e09b49075240fe83423eb1dcd36,0,0.19009207040071485,0.0
fd94d9dadee58e09b49075240fe83423eb1dcd36,0,0.19009207040071485,0.0
fd94d9dadee58e09b49075240fe83423eb1dcd36,0,0.20509207040071487,0.0
fd94d9dadee58e09b49075240fe83423eb1dcd36,0,0.20509207040071487,0.0
fda6c89fe3d9aca073495a664e1d5aea28cd4377,0,0.0412103836238384,0.0
fdd478c3ae98c3f13628e110dce9b6cfb0d9b3c8,0,0.1212581595778465,0.0
fe0a7776d4d19e613bb8dd80fe2d78ae49e8b49d,0,0.32997681260108946,0.0
fe0a7776d4d19e613bb8dd80fe2d78ae49e8b49d,0,0.32997681260108946,0.0
fe0a7776d4d19e613bb8dd80fe2d78ae49e8b49d,0,0.36497681260108944,0.0
fe0a7776d4d19e613bb8dd80fe2d78ae49e8b49d,0,0.36497681260108944,0.0
fe0ef00304639cae82df7c9ad6a15286bd5f876e,1,0.7949912452697754,1.0
fe1e81d4f73b6cbaed4fcc476960d26770642842,1,0.7371837604045868,1.0
fe4f7940d212440334f06783e06a15d674013bb1,1,0.6231782782077789,0.5
fe6f86f4b40855a130a19aa589f9ba7f650423f4,0,0.12575351417064665,0.0
fe752331d4b361d43cfd0b89534b4b2176057c32,0,0.09661989383399486,0.0
fe752331d4b361d43cfd0b89534b4b2176057c32,0,0.09661989383399486,0.0
fe752331d4b361d43cfd0b89534b4b2176057c32,0,0.09161989383399485,0.0
fe752331d4b361d43cfd0b89534b4b2176057c32,0,0.09161989383399485,0.0
febb985c06cb6f5fac63598c0bffd4fd823d110d,0,0.17435370698571206,0.0
fecf31ee395b0295f2d7260aa29946b7605f7c85,0,0.29295458376407624,0.0
fee060cd52d69c114b62d1a2948ea9648b5131f9,0,0.2741885244846344,0.0
ff05d4b45dd89b922578dac497dcabf57cf771c6,0,0.39602613329887393,0.5
ff33299ec8bb80cdcc073ad9c506bd79bb2ed20b,0,0.45105240821838377,0.0
ff5f643de0bf27874c4033cd57a0bd034b5c7d11,1,0.8648983132839203,1.0
ff5f643de0bf27874c4033cd57a0bd034b5c7d11,1,0.8648983132839203,1.0
ff5f643de0bf27874c4033cd57a0bd034b5c7d11,1,0.9498983132839203,1.0
ff5f643de0bf27874c4033cd57a0bd034b5c7d11,1,0.9498983132839203,1.0
ff6c3d81f2e86b63a3a530683f89ef393882782a,1,0.6025784289836884,1.0
ff6c3d81f2e86b63a3a530683f89ef393882782a,1,0.6025784289836884,1.0
ff6c3d81f2e86b63a3a530683f89ef393882782a,1,0.6325784289836884,1.0
ff6c3d81f2e86b63a3a530683f89ef393882782a,1,0.6325784289836884,1.0
ff8376ade4f668130385839cef586a0990f8ef87,0,0.0781306172162294,0.0
ff960f9d3edbe08a736b5a224d91a305ccc946b0,0,0.17282963454723355,0.0
ffa077b2f6ad124ec3d23fbddc5e4b0ff2647af8,0,0.1296644505858421,0.0
ffbe335b8d471f79b259e950cb20999700670456,0,0.09252087756991385,0.0
ffbf4fb9b5c12ff878a10ea17997147ea4ebea6f,0,0.5105738389492035,0.5
ffcaa2172cc1a85ddb8b783de96d38ca8855e248,0,0.14826744154095645,0.0
ffe2a22562444720b05bdfeb999c03e810d84cbb,0,0.2316307258605957,0.0
fffb0b52d5258554c645c966c6cbef7de50b851d,0,0.11920145541429515,0.0
fffe347e14789c37d91aca47e9a25dca831b7e5a,1,0.7816890943050384,1.0
